หมวด,ชื่อที่เราใช้,หน่วยนับ,ซื้อกี่ครั้ง,มีรูป,Freshket,Freshket ขนาด,Freshket ฿/กก.,GO,GO ขนาด,GO ฿/กก.
"เนื้อสัตว์","สันในหมู","g","96","มี","","","","สันในหมู 1 กก. ","กก.","155"
"เนื้อสัตว์","อกไก่","g","95","มี","อกไก่ติดหนัง","1 กก./แพ็ค","85","อกไก่เนื้อล้วนติดหนัง 1 กก.","กก.","84"
"เนื้อสัตว์","สะโพกไก่","g","51","มี","สะโพกไก่","1 กก./แพ็ค","105","สะโพกไก่ติดกระดูก 1 กก.","กก.","98"
"เนื้อสัตว์","ซี่โครงหมู","g","12","มี","ซี่โครงหมูอ่อนสไลซ์-13 (แช่แข็ง) ตราเบทาโกร","1 กก./แพ็ค","189","ซี่โครงหมูตัดเส้น 4 นิ้ว 1 กก.","",""
"เนื้อสัตว์","ทูน่ากระป๋อง","g","24","มี","","","","ซีเล็ค ฟิตต์ ทูน่าสเต็กในน้ำเกลือ 1,885 ก.","",""
"เนื้อสัตว์","ไข่ไก่","ฟอง","16","มี","","","","เอ ชอยซ์ ไข่ไก่ เบอร์ 0 x 10","",""
"เนื้อสัตว์","เนื้อบด","g","4","มี","","","","เนื้อวัวไทยบราห์มันบดแช่แข็ง CL70 1 กก. x 8","",""
"เนื้อสัตว์","กระดูกหมู","g","2","มี","","","","กระดูกเล้งคอหมู 1 กก.","",""
"เนื้อสัตว์","ปูอัด","g","3","มี","ปูอัด เกรดพรีเมี่ยม (แช่แข็ง)","500 กรัม/แพ็ค","204","คานิแฟมิลี่ ปูอัดแท่ง 500 ก.","",""
"เนื้อสัตว์","ปลาทูนึ่ง","g","2","มี","ปลาทูนึ่งแม่กลอง ขนาด 200-220 กรัม/แพ็ค","2 ตัว/แพ็ค","","","",""
"เนื้อสัตว์","ปลาทูสด","g","","มี","ปลาทูสด ขนาด 5-6 ตัว/กก.","1 กก./แพ็ค","145","ปลาทูลัง 1 กก.","",""
"ผักใบ","โหระพา","g","29","มี","","","","","",""
"ผักใบ","ต้นหอม","g","17","มี","ต้นหอมไทย คัดสวย","250 กรัม/แพ็ค","184","ต้นหอม แพ็ค 150 ก.","แพ็ค",""
"ผักลูก","มะเขือเปราะ","g","27","มี","","","","มะเขือเปราะ ออร์แกนิค แพ็ค 300 ก.","แพ็ค",""
"ผักลูก","ถั่วฝักยาว","g","27","มี","ถั่วฝักยาวด้วงป้อมเป็นข้อ คัดสวย","1 กก./แพ็ค","70","","",""
"ผักลูก","แตงกวาญี่ปุ่น","g","20","มี","","","","","",""
"ผักลูก","มะเขือเทศ","g","19","มี","ซอสมะเขือเทศ ตราโรซ่า (แกลลอน)","5.5 กก./แกลลอน","40","","",""
"ผักลูก","มะเขือเทศราชินี","g","19","มี","","","","","",""
"ผลไม้","สับปะรด","g","15","มี","","","","","",""
"ผลไม้","สาลี่","g","14","มี","","","","","",""
"ผลไม้","บีทรูท","g","12","มี","บีทรูท","1 กก./แพ็ค","65","","",""
"พริก","พริกยักษ์","g","51","มี","","","","พริกยักษ์ สีเขียว 1 กก.","กก.","129"
"พริก","พริกชี้ฟ้าเหลือง","g","12","มี","","","","","",""
"พริก","พริกชี้ฟ้าเขียว","g","12","ไม่มี","พริกชี้ฟ้าเขียว คัดสวย (เด็ดก้าน)","250 กรัม/แพ็ค","176","","",""
"พริก","พริกชี้ฟ้าแดง","g","3","ไม่มี","พริกชี้ฟ้าแดง คัดสวย","250 กรัม/แพ็ค","108","","",""
"พริก","พริกขี้หนู","g","11","มี","พริกขี้หนูสวนกลาง คัดสวย","250 กรัม/แพ็ค","220","","",""
"ของแห้ง / แป้ง / แปรรูป","น้ำมันรำข้าว","g","27","มี","","","","","",""
"ของแห้ง / แป้ง / แปรรูป","แผ่นเกี๊ยวจีน","g","24","มี","แผ่นเกี๊ยว ตรานำชัย","500 กรัม/แพ็ค","64","","",""
"ของแห้ง / แป้ง / แปรรูป","วุ้นเส้น","g","14","มี","วุ้นเส้นแห้ง ตราต้นสน","500 กรัม/ห่อ","162","","",""
"ของแห้ง / แป้ง / แปรรูป","นมยูเอชที รสจืด","g","13","ไม่มี","นมยูเอชที รสจืด ตราโฟร์โมสต์","1 ลิตร/กล่อง","52","","",""
"ของแห้ง / แป้ง / แปรรูป","กะทิขวด","g","12","มี","","","","","",""
"ของแห้ง / แป้ง / แปรรูป","สาหร่ายทะเลย่าง","g","12","ไม่มี","","","","","",""
"ของแห้ง / แป้ง / แปรรูป","เครื่องแกงกะหรี่","g","13","ไม่มี","","","","","",""
"ของแห้ง / แป้ง / แปรรูป","tabasco","g","2","ไม่มี","","","","","",""
"ของแห้ง / แป้ง / แปรรูป","เส้นบุก","g","2","มี","","","","","",""
"ยังไม่จัดหมวด (รอนัทจัด)","อโวคาโด","g","50","มี","","","","","",""
"ยังไม่จัดหมวด (รอนัทจัด)","หน่อไม้ฝรั่ง","g","40","มี","","","","","",""
"ยังไม่จัดหมวด (รอนัทจัด)","เต้าหู้ขาว","g","27","ไม่มี","เต้าหู้ขาวก้อนแข็ง","220-250 กรัม/ก้อน","68","","",""
"ยังไม่จัดหมวด (รอนัทจัด)","กวางตุ้ง","g","26","มี","ผักกวางตุ้ง คัดสวย","1 กก./แพ็ค","62","","",""
"ยังไม่จัดหมวด (รอนัทจัด)","หอมใหญ่","g","16","มี","","","","","",""
"ยังไม่จัดหมวด (รอนัทจัด)","ผักคอส","g","16","มี","","","","","",""
"ยังไม่จัดหมวด (รอนัทจัด)","มันฝรั่ง","g","15","มี","","","","","",""
"ยังไม่จัดหมวด (รอนัทจัด)","ข้าวโพดอ่อน","g","15","มี","","","","","",""
"ยังไม่จัดหมวด (รอนัทจัด)","ถั่วงอก","g","14","มี","","","","","",""
"ยังไม่จัดหมวด (รอนัทจัด)","ซูกินี","g","14","มี","","","","","",""
"ยังไม่จัดหมวด (รอนัทจัด)","ฟักทองญี่ปุ่น","g","13","มี","","","","","",""
"ยังไม่จัดหมวด (รอนัทจัด)","กะหล่ำปลี","g","13","มี","","","","","",""
"ยังไม่จัดหมวด (รอนัทจัด)","ฟักทองไทย","g","13","มี","","","","","",""
"ยังไม่จัดหมวด (รอนัทจัด)","มันเทศสีม่วง","g","13","มี","","","","","",""
"ยังไม่จัดหมวด (รอนัทจัด)","ยอดคะน้าฮ่องกง","g","13","มี","","","","","",""
"ยังไม่จัดหมวด (รอนัทจัด)","ตำลึง","g","13","มี","","","","","",""
"ยังไม่จัดหมวด (รอนัทจัด)","ผงข้าวหมกไก่","g","13","ไม่มี","","","","","",""
"ยังไม่จัดหมวด (รอนัทจัด)","พริกไทยอ่อน","g","13","มี","","","","","",""
"ยังไม่จัดหมวด (รอนัทจัด)","มะละกอ","g","12","มี","","","","","",""
"ยังไม่จัดหมวด (รอนัทจัด)","ข่าแก่","g","12","มี","","","","","",""
"ยังไม่จัดหมวด (รอนัทจัด)","น้ำพริกเผา สูตร 1","g","12","มี","","","","","",""
"ยังไม่จัดหมวด (รอนัทจัด)","ผักบุ้งจีน","g","12","มี","","","","","",""
"ยังไม่จัดหมวด (รอนัทจัด)","ผักโขม","g","12","มี","ผักโขมแบบบอล (แช่แข็ง)","1 กก./ชิ้น","89","","",""
"ยังไม่จัดหมวด (รอนัทจัด)","ลูกพรุนอบแห้งพรีเมียม","g","12","ไม่มี","","","","","",""
"ยังไม่จัดหมวด (รอนัทจัด)","แครอท","g","7","มี","แครอท ขนาด 3-4 ลูก/กก. คัดขนาด","1 กก./แพ็ค","26","มันแครอท 1 กก.","กก.","55"
"ยังไม่จัดหมวด (รอนัทจัด)","เห็ดออรินจิ","g","7","มี","","","","เห็ดออรินจินอก ใหญ่ แพ็ค 1 กก.","แพ็ค","59"
"ยังไม่จัดหมวด (รอนัทจัด)","หอมแดง","g","6","มี","","","","","",""
"ยังไม่จัดหมวด (รอนัทจัด)","ใบกระเพรา","g","6","มี","","","","","",""
"ยังไม่จัดหมวด (รอนัทจัด)","ดอกกะหล่ำ","g","5","มี","","","","","",""
"ยังไม่จัดหมวด (รอนัทจัด)","มันหวาน","g","5","ไม่มี","","","","","",""
"ยังไม่จัดหมวด (รอนัทจัด)","บล็อกโคลี่","g","4","มี","","","","","",""
"ยังไม่จัดหมวด (รอนัทจัด)","กระเทียม","g","4","มี","","","","","",""
"ยังไม่จัดหมวด (รอนัทจัด)","เลมอน","g","4","มี","","","","","",""
"ยังไม่จัดหมวด (รอนัทจัด)","ผักกาดขาว","g","4","มี","","","","","",""
"ยังไม่จัดหมวด (รอนัทจัด)","ผักชี","g","4","มี","ผักชีใบเลื่อย คัดสวย","250 กรัม/แพ็ค","116","สะระแหน่และผักชีฝรั่ง แพ็ค 150 ก.","แพ็ค",""
"ยังไม่จัดหมวด (รอนัทจัด)","มะระ","g","4","มี","","","","","",""
"ยังไม่จัดหมวด (รอนัทจัด)","สะระแหน่","g","3","มี","สะระแหน่ คัดสวย","250 กรัม/แพ็ค","208","สะระแหน่และผักชีฝรั่ง แพ็ค 150 ก.","แพ็ค",""
"ยังไม่จัดหมวด (รอนัทจัด)","หอมแขก","g","2","มี","","","","","",""
"ยังไม่จัดหมวด (รอนัทจัด)","ขิงแก่","g","2","มี","","","","","",""
"ยังไม่จัดหมวด (รอนัทจัด)","พริกหนุ่ม","g","2","มี","","","","","",""
"ยังไม่จัดหมวด (รอนัทจัด)","โยเกิร์ต","g","2","มี","โยเกิร์ตรสธรรมชาติ 0% ตราดัชชี่","4 x 125 กรัม/แพ็ค","464","","",""
"ยังไม่จัดหมวด (รอนัทจัด)","เซเลอรี่","g","1","ไม่มี","","","","","",""
"ยังไม่จัดหมวด (รอนัทจัด)","พาสต้า","g","1","มี","เพนเน่ริกาเต้ พาสต้า/พาสต้ารูปหลอดปลายตัดเฉียง เบอร์ 19 ตราแอคเนซี AGNESI","500 กรัม/แพ็ค","170","","",""
"ยังไม่จัดหมวด (รอนัทจัด)","กุ้งแห้งจืด","g","1","มี","กุ้งแห้งจืด","500 กรัม/แพ็ค","1100","","",""
"ยังไม่จัดหมวด (รอนัทจัด)","กระชาย","g","1","มี","","","","","",""
"ยังไม่จัดหมวด (รอนัทจัด)","หัวไชเท้า","g","1","มี","","","","","",""
"ยังไม่จัดหมวด (รอนัทจัด)","ฟิลาห์ พลัส ซีรีทาหอมสมุนไพรอ่อนหวาน","g","1","ไม่มี","","","","","",""
"ยังไม่จัดหมวด (รอนัทจัด)","น้ำพริกแกงส้มแบบเอเชียต","g","1","ไม่มี","","","","","",""
"ยังไม่จัดหมวด (รอนัทจัด)","ผักกาดแก้ว","g","1","ไม่มี","ผักกาดแก้ว คัดสวย (นำเข้า)","1 กก./แพ็ค","145","","",""
"ยังไม่จัดหมวด (รอนัทจัด)","เห็ดชิเมจิ","g","1","มี","","","","","",""
"ยังไม่จัดหมวด (รอนัทจัด)","ผักชีลาว","g","1","มี","","","","","",""
"ยังไม่จัดหมวด (รอนัทจัด)","พริกเกาหลีแบบป่นหยาบ สำหรับทำกิมจิ","g","1","ไม่มี","","","","","",""
"ยังไม่จัดหมวด (รอนัทจัด)","ใบตองกล้วยน้ำว้า","g","1","ไม่มี","","","","","",""
"ยังไม่จัดหมวด (รอนัทจัด)","ยอดมะพร้าวอ่อน","g","1","ไม่มี","","","","","",""
"ยังไม่จัดหมวด (รอนัทจัด)","ครีมวีขาว ออแกนิค","g","1","ไม่มี","","","","","",""
"ยังไม่จัดหมวด (รอนัทจัด)","ข้าว กข43","g","1","ไม่มี","","","","","",""