บาร์โค้ด,สินค้า GO,หน่วย,สั่งกี่ครั้ง,ราคาต่อหน่วย,ยอดรวม
2000100113530,"แอตแลนติกแซลมอนแล่แช่แข็ง (TRIM-C) 1 กก.",Kilogram,5,469,18138
2000100164402,"บรอกโคลีนอก 1 ลัง",Case,15,450,6830
2000100167427,"โคโฮแซลมอนแล่แช่แข็ง (Trim-C) 0.8-2.0 กก./แพ็ค",Pack,1,430,6020
2000100189382,"เนื้อแดงวัวบด 1 กก.",Kilogram,6,255,3770
8851042805052,"แสนดี ข้าวไรซ์เบอร์รี่ 100% 5 กก.",Piece,3,329,3708
8852043355881,"ไข่ไก่ คละเบอร์ 3-4 ไม่มีฝา 30 ฟอง x 5",PACK,5,545,2705
8852022090192,"คิวพี มายองเนส สูตรไม่มีน้ำตาล 1 กก.",Piece,7,160,2480
9555615900005,"มิชชั่น แผ่นแป้งรสดั้งเดิม 360 ก.",Piece,3,115,2300
2000100046111,"ปลาซาบะแล่แช่แข็ง 1 กก. x 10",Case,1,2200,2200
2000100045299,"เอ ชอยซ์ เนื้อทูน่าซากุ 1 กก.",Kilogram,1,649,1947
8859786400526,"เอ ชอยซ์ เห็ดแชมปิญองสไลด์แช่แข็ง 1 กก. x 10",Case,2,850,1700
8859786400755,"เอ ชอยซ์ น้ำมะนาวแช่แข็ง พันธุ์แป้น 1 กก.",Piece,4,119,1650
2000100046296,"เนื้อทูน่าซากุแช่แข็ง ขนาด 500 ก.",PACK,1,320,1600
8857104140284,"เคซีเอฟ ไข่แดงเค็ม x 25",PACK,5,209,1493
2000100046159,"ปลาทูอินเดียแช่แข็ง ขนาด 4-6 ตัว/กก. แพ็ค 1 กก. x 10",Case,1,1250,1250
2000100081884,"มะเขือเทศท้อ ถุงใหญ่ 2.5-3.5 กก./แพ็ค",Pack,12,39,1191
8859786400519,"เอ ชอยซ์ เห็ดแชมปิญองสไลด์แช่แข็ง 1 กก.",Piece,3,89,890
2200000002303,"ออร์คิด เนยเพียวบัตเตอร์จืด 2 กก.",Piece,1,798,798
8859069900026,"จริงใจ แปะก๊วยต้มสุกในน้ำเชื่อม 500 ก.",PACK,4,85,765
8801039006313,"แฮเพียว เลเวอร์ ซีซามี ออยล์ สาหร่ายอบแห้งปรุงรส รสน้ำมันงา 4 ก. x 16",Piece,3,159,689
8850206011711,"เด็กสมบูรณ์ ซีอิ๊วขาว สูตร 1 4,500 มล.",Piece,3,229,677
2000100046104,"ปลาซาบะแล่แช่แข็ง แพ็ค 1 กก.",PACK,1,225,675
2000100075845,"เห็ดฟาง ดอกใหญ่ 1 กก.",Kilogram,3,215,645
2000100072905,"มันฝรั่งนอก 1 กก.",Kilogram,4,39,598
2000100073254,"พริกยักษ์ 3 สี แพ็ค 6 ลูก",PACK,5,109,595
2000100046166,"ปลาทูอินเดียแช่แข็ง ขนาด 6-8 ตัว/กก. แพ็ค 1 กก.",PACK,1,119,595
2000100078853,"เผือก ถุงใหญ่ 9.5-10.5 กก./แพ็ค",Pack,1,59,590
8854215006027,"เอ ชอยซ์ ถุงมือพลาสติกอเนกประสงค์ x 100",PACK,3,65,585
8852043355805,"ไข่ไก่ เบอร์ 3 ไม่มีฝา 30 ฟอง x 5",PACK,1,580,580
8850144900283,"เบสท์ฟู้ดส์ สปาเก็ตตี้ 1 กก.",Piece,2,125,553
2000100208632,"กระเทียมจีน แกะกลีบใหญ่ ยกกระสอบ 5 กก.",Sack,2,275,550
2000100165256,"ขนมปังอาทิซาน ซาวโดวจ์ 300 ก.",Piece,4,49,490
8006165400947,"คาซา รินัลดิ น้ำมันมะกอกธรรมชาติ เอ็กซ์ตร้าเวอร์จิ้น 1 ล.",Piece,1,490,490
8852716705067,"แวลู แพ็ค เม็ดมะม่วงหิมพานต์ดิบชนิดหักท่อน LP 1 กก.",Piece,2,225,450
8854579004745,"โกริโกะ สาหร่ายแผ่น เกรดเอ 115 ก.",Piece,2,220,440
8850969384275,"โปรเซฟ ผลิตภัณฑ์ล้างจาน 10 ล.",Piece,1,215,430
8859786403183,"เอ ชอยซ์ เห็ดหอม แห้ง ดอกเล็ก 500 ก.",Piece,1,210,420
2000100214015,"เอ ชอยซ์ ถั่วลิสง 500 ก. x 10",Piece,1,405,405
8850269020750,"บ้านไผ่ กุนเชียงเชือกฟ้า 125 ก. x 3",PACK,1,135,405
8853026003966,"เอ ชอยซ์ ซอส โชยุ 1 ล.",Piece,3,64,390
2000100046142,"ปลาทูอินเดียแช่แข็ง ขนาด 4-6 ตัว/กก. แพ็ค 1 กก.",PACK,1,129,387
8853863000043,"ซุปเปอร์เซฟ ถาดฟอยล์เหลี่ยม พร้อมฝาเบอร์ 4432-P 230 มล. x 10",PACK,2,48,384
0737483778088,"ทรีเลดี้ แผ่นแป้งปอเปี๊ยะเวียดนามวงกลม 22 ซม. 340 ก.",Piece,2,75,366
2200000001221,"ไทยเดนมาร์ค นมโคยูเอชที รสจืด 180 มล. x 36",Case,1,358,358
8850180068022,"ตราชั่ง กะปิ 185 ก. x 6",PACK,1,355,355
8854579007074,"เอชอยซ์ สาหร่ายวากาเมะ 220 ก.",Piece,2,175,353
8850114445004,"คนแบกกุ้ง น้ำปลา 4,500 มล.",Piece,2,173,346
0011210000155,"ทาบาสโก ซอส เรดเปปเปอร์ 150 มล.",Piece,2,176,345
2000100184264,"เนื้อลูกมะพร้าววัวออสเตรเลียบด ขนาด 300-500 ก./แพ็ค",Pack,1,415,332
8852943003233,"เอ ชอยซ์ ข้าวเหนียว 5 กก.",Piece,1,165,330
8852832001890,"โปรเซฟ ผงซักฟอก 3,000 ก.",Piece,2,109,327
8850100208033,"ไวไว เส้นหมี่กึ่งสำเร็จรูปอบแห้ง 2,700 ก.",Piece,2,172,327
2000100077320,"กะหล่ำปลี ถุงใหญ่ 4.5-5.5 กก./แพ็ค",Pack,3,19,315
8859099440455,"ซุปเปอร์เซฟ ฟิล์มยืดหุ้มห่ออาหาร 10 นิ้ว x 500 ม.",Piece,1,305,305
2000100213858,"เอ ชอยซ์ งาดำ 500 ก.",Piece,2,75,300
8850885044925,"ตรามือที่ 1 พริกไทยดำ ป่น 500 ก.",Piece,1,299,299
2000100072998,"มันหวานสายพันธุ์ญี่ปุ่น สีเหลือง 1 กก.",Kilogram,3,99,297
8857129337249,"เอ ชอยซ์ ซอสมะเขือเทศ 5,000 ก.",Piece,2,155,295
2000100080283,"เครื่องต้มยำ แพ็ค 300 ก.",PACK,5,59,295
8858661103026,"โมคิ บุกเส้นกลม 2 กก.",PACK,2,147,294
8001200139035,"แอคเนซี พาสต้า สปาเก็ตตี้ เบอร์ 3 500 ก.",Piece,1,71,284
2000100080597,"พริกขี้หนูสวน แพ็ค 300 ก.",PACK,6,55,278
8858915001504,"บาบู ควีนัว 3 สี 450 ก.",Piece,1,275,275
8859411302454,"ซุปเปอร์เซฟ กระดาษอเนกประสงค์ 2 ชั้น แพ็ค 6+2",PACK,2,135,270
2000100213827,"เอ ชอยซ์ งาขาว 500 ก.",Piece,2,67,268
8851042001058,"แสนดี ข้าวหอมมะลิ 100% 5 กก.",Piece,1,132,264
2000100078501,"ฟักทอง 3.5-4.5 กก./ลูก",Piece,3,29,260
8850468831171,"คิงมารีนฟู้ดส์ ไข่ปลาเคปปลินเอบิโกะปรุงรสสีส้มแช่แข็ง 500 ก.",PACK,1,255,255
8857129337256,"เอ ชอยซ์ ซอสหอยนางรม 5,000 ก.",Piece,2,119,254
2000100028797,"เม็ดบัว แห้ง 500 ก.",Piece,1,250,250
2000100169629,"ผักคอสนอก ถุงใหญ่ 2 กก.",Piece,2,125,250
8018440000872,"ลูยจลิโอ น้ำมันมะกอกบริสุทธิ์ 1 ล.",Piece,1,250,250
8850372000069,"ต้นสน วุ้นเส้นแห้ง 500 ก.",Piece,2,79,241
2000100076811,"แตงกวาญี่ปุ่น ถุงใหญ่ 2.5-3.5 กก./แพ็ค",Pack,1,79,237
8859791100015,"เอบีซี มอสซาเรลล่าเชดด้าชีสหั่นเต๋าแช่แข็ง 900 ก.",Piece,1,235,235
2000100143742,"แอปเปิ้ลฟูจิ #113 แพ็ค 8 ลูก",PACK,3,75,229
9415007303510,"แองเคอร์ แดรี่วิปปิ้งครีม 1 ล.",Piece,1,229,229
8001200139561,"แอคเนซี พาสต้า เอลิเก เบอร์ 56 500 ก.",Piece,1,76,228
2000100054628,"ตับไก่ 1 กก.",Kilogram,2,108,211
8856628200122,"ไทยฮันนี่ น้ำผึ้งดอกไม้ป่าขนาด 1,000 ก.",Piece,1,210,210
8850096170802,"เฮอริเทจ แครนเบอร์รี่ ซอฟแอนด์มอยส์ 500 ก.",Piece,1,210,210
3076820002064,"เครสโป มะกอกดำ ไม่มีเมล็ด 387 ก.",Piece,2,107,209
2000100080566,"พริกขี้หนูสวน ถุงใหญ่ 0.5-1.5 กก./แพ็ค",Pack,2,89,208
8857128566336,"แสงทอง น้ำตาลเหลว 1,000 ก.",Piece,3,52,208
8850100002884,"ไวไว เส้นหมี่กึ่งสำเร็จรูปอบแห้ง 500 ก. x 3",PACK,2,100,200
2000100072486,"เห็ดออรินจินอก ใหญ่ แพ็ค 1 กก.",PACK,3,49,196
4902430366816,"ดาวน์นี่ น้ำยาปรับผ้านุ่มเข้มข้น ตากผ้าในร่ม 2,000 มล.",Piece,1,195,195
8800002101451,"ไดโน่ ม็อบล็อค ด้ามอลูมิเนียม 1.2 ม. พร้อมผ้าม็อบ 300 ก. 12 นิ้ว",Piece,1,195,195
8858705600115,"แมกโนเลีย แดรี่วิปปิ้งครีม 946 มล.",Piece,1,195,195
8850545455559,"ทิพรส น้ำปลา 4,500 มล.",Piece,1,192,192
8854387005118,"พรวิภา กุนเชียงหมู 8 นิ้ว ผูกเชือก 1 กก.",PACK,1,190,190
8859786400977,"เอ ชอยซ์ เกาลัดแกะเปลือกแช่แข็ง 1 กก.",Piece,1,189,189
8859786401936,"เอ ชอยซ์ กระเทียมโทนดอง 850 ก.",Piece,1,189,189
2000100081860,"มะเขือเทศท้อ 1 กก.",Kilogram,3,65,181
2000100077832,"บวบเหลี่ยม 1 กก.",Kilogram,3,59,177
2000100075005,"กระเทียมจีน แกะกลีบคละไซส์ แพ็ค 1 กก.",PACK,1,59,177
8859786401233,"เอ ชอยซ์ มะม่วงน้ำดอกไม้หั่นเต๋าแช่แข็ง 1 กก.",Piece,1,175,175
8850030632946,"โลโบ ผงทำหมูแดง 100 ก. x 6",PACK,1,170,170
5704025036000,"เอ็มบอร์ก วิปแอนด์คุก 1 กก.",Piece,1,170,170
8851483400144,"เอ ชอยซ์ พริกป่น 800 ก.",Piece,1,165,165
2000100151013,"หอมใหญ่ไทย 1 กระสอบ",Sack,1,160,160
2000100072929,"มันฝรั่งนอก แพ็ค 1 กก.",PACK,1,32,160
8851932263870,"วิม ผลิตภัณฑ์ทำความสะอาดห้องน้ำ สีเขียว 3,500 มล.",Piece,1,159,159
8850092102852,"วิซ ถูพื้น ทรีดี ชมพู 5,200 มล.",Piece,1,159,159
2000100081143,"มะนาวแป้น แพ็ค 10 ลูก",PACK,8,25,159
8858773999340,"ซุปเปอร์เซฟ ถุงขยะดำหนา 30 x 40 นิ้ว 1 กก.",PACK,1,79,158
8858773999357,"ซุปเปอร์เซฟ ถุงขยะดำหนา 36 x 45 นิ้ว 1 กก.",PACK,1,79,158
8850304017868,"สก๊อตช์-ไบรต์ แผ่นใยขัดพร้อมฟองน้ำ 3 x 4 นิ้ว x 12",PACK,1,155,155
8850161166150,"อัมพวา กะทิแท้ 100% 250 มล. x 6",PACK,1,152,152
8850206010363,"เด็กสมบูรณ์ ซีอิ๊วขาวเห็ดหอม 2,000 มล.",Piece,1,150,150
8851912020660,"ง่วนเชียง ซีอิ๊วดำฉลากส้ม 2,700 ก.",Piece,2,75,150
8851932462952,"ซันไลต์ ผลิตภัณฑ์ทำความสะอาดพื้น 3.8 ล.",Piece,1,149,149
8859786400137,"เอ ชอยซ์ แครนเบอร์รี่แช่แข็ง 1 กก.",Piece,1,149,149
8856366002132,"คาอิโซ เส้นแก้ว ชนิดเส้นเล็ก 1 กก.",PACK,1,73,146
8856366000077,"ทาเบรุ สาหร่ายแผ่นย่างตัดเส้น 100 ก.",PACK,1,145,145
6957756266652,"จังกึม กิมจิ 1 กก.",Piece,1,145,145
8858418614485,"โครงการหลวง ผักสลัดแก้ว แพ็ค 300 ก.",Piece,2,35,140
9414897010133,"ทาลลีย์ ถั่วลันเตาแช่แข็ง 1 กก.",Piece,1,139,139
8858832701631,"ซุปเปอร์เซฟ ถุงเย็น HDPE 6 x 9 นิ้ว บรรจุ 1 กก.",PACK,1,139,139
8858832701655,"ซุปเปอร์เซฟ ถุงเย็น HDPE 12 x 18 นิ้ว บรรจุ 1 กก.",PACK,1,139,139
8850885304173,"ตรามือที่ 1 พาร์สลีย์ 50 ก.",Piece,2,69,138
2000100073056,"สลัดแก้วนอก 1 กก.",Kilogram,2,69,138
2000100072622,"เห็ดชิเมจิขาว แพ็ค 1 กก.",PACK,1,69,138
2000100080245,"ตะไคร้ แพ็ค 500 ก.",PACK,5,29,135
8859332430014,"เอ ชอยซ์ น้ำส้มสายชูกลั่น 5% 4,500 มล.",Piece,2,67,135
8031459132754,"ออตติมา เส้นคาเปลลินี 500 ก.",Piece,1,45,135
8857120160914,"เส้นเงิน แผ่นเกี๊ยวจีน เจ 500 ก.",Piece,1,44,132
8857128566367,"แสงทอง น้ำตาลมะพร้าวก้นหอย 1,000 ก.",Piece,1,65,130
8857121846046,"ฟองฟอง ฟองเต้าหู้แท่ง 500 ก.",PACK,1,129,129
8857115170201,"เจ้ควิก เต้าหู้ขาว 180 ก.",PACK,3,21,126
8857129337195,"เอ ชอยซ์ ซอสหอยนางรม 1,000 ก.",Piece,2,25,125
2000100079423,"ขึ้นฉ่าย ถุงใหญ่ 0.5-1.5 กก./แพ็ค",Pack,1,119,119
5704025035577,"เอ็มบอร์ก เกรทเต็ดพาเมซาน 100 ก.",Piece,1,119,119
8854215006355,"ถุงม้วนปรุไฮเดนใส ตราซุปเปอร์เซฟ ขนาด 10X15 นิ้ว",PACK,1,119,119
2000100336922,"องุ่นแดงไร้เมล็ด จีน แพ็ค 800 ก.",PACK,1,119,119
8850076920205,"เอลเอวิออน โรสแมรี่ 200 ก.",Piece,1,119,119
8859786400533,"เอ ชอยซ์ เมล็ดข้าวโพดหวานแช่แข็ง 1 กก.",Piece,1,59,118
2000100208755,"มะม่วงเขียวสามรส 1 กก.",Kilogram,3,39,117
2000100075098,"หอมใหญ่ไทย แพ็ค 1 กก.",PACK,1,23,115
8858418614546,"โครงการหลวง พริกยักษ์สีแดง แพ็ค 150 ก.",PACK,2,29,112
8850358373293,"แม็กกาแรต ข้าวโอ๊ตละเอียด 1 กก.",Piece,1,110,110
8850069010104,"ปรุงทิพย์ เกลือ 5 กก.",Piece,2,55,110
2000100079812,"ใบกะเพรา แพ็ค 150 ก.",PACK,5,19,106
2000100071397,"ผักแพว แพ็ค 200 ก.",Piece,3,35,105
2000100051689,"กระดูกซุปหมู 1 กก.",Kilogram,2,55,104
8858836201809,"เห็ดเข็มทอง แพ็ค 1 กก.",PACK,2,49,102
8850298210009,"ช้างสามเศียร แป้งข้าวเหนียว 1 กก.",Piece,1,50,100
8859486001214,"ซูปเปอร์ แก๊สบิวเทน แก๊สกระป๋อง 250 ก. x 3",PACK,1,99,99
2000100169643,"มันหวานสายพันธุ์ญี่ปุ่นสีม่วง 1 กก.",Kilogram,1,99,99
2000100071274,"ชะอม แพ็ค 300 ก.",Piece,1,49,98
8031459132778,"ออตติมา เฟตตูชินี่ พาสต้า 500 ก.",Piece,1,49,98
2000100075654,"มะเขือเทศราชินี ออร์แกนิค แพ็ค 300 ก.",PACK,1,49,98
2000100154885,"พริกจินดา แห้ง เด็ดก้าน 100 ก.",Piece,3,32,96
2000100079607,"ผักชีฝรั่ง แพ็ค 150 ก.",PACK,4,19,95
8853256005099,"สาหร่ายทะเลแห้ง 100 ก.",Piece,1,95,95
0074880057393,"เอสแอนด์บี แกงกะหรี่ก้อนเผ็ด 200 ก.",Piece,1,95,95
8851483300413,"เอ ชอยซ์ ถั่วลิสง 1,000 ก.",Piece,1,94,94
8854215005624,"ซุปเปอร์เซฟ ถุงมือพลาสติกสีฟ้า พีอี พับทีละ 2 ชิ้น",PACK,1,93,93
8853724001066,"สุบากิ วูสเตอร์ซอส 1 ล.",Piece,1,92,92
2000100028759,"ลูกเดือย 500 ก.",Piece,1,46,92
8856366000084,"ทาเบรุ สาหร่ายทะเลวากาเมะอบแห้ง 100 ก.",PACK,1,90,90
2000100075579,"ผักสลัดแก้ว ออร์แกนิค แพ็ค 200 ก.",PACK,1,45,90
8851163005935,"เอ็นที ปืนจุดแก๊ส x 3",PACK,1,89,89
2000100075722,"หน่อไม้ฝรั่ง ออร์แกนิค แพ็ค 300 ก.",PACK,1,89,89
8856366000145,"ทาเบรุ สาหร่ายทะเลคอมบุอบแห้ง 100 ก.",PACK,1,88,88
2000100079287,"ผักโขมจีน แพ็ค 300 ก.",PACK,2,22,88
2000100080641,"พริกขี้หนูสวนเด็ดก้าน แพ็ค 100 ก.",PACK,3,29,87
2000100308523,"หัวไชเท้า ถุงใหญ่ แพ็ค 3 กก.",PACK,1,87,87
2000100208731,"หอมใหญ่ไทย ยกกระสอบ 5 กก.",Sack,1,85,85
2000100076866,"ต้นหอมญี่ปุ่น 1 กก.",Kilogram,1,85,85
8850341300053,"ใบหยก แป้งมันสำปะหลัง 1 กก.",Piece,1,42,84
8856366002125,"คาอิโซ เส้นแก้ว ชนิดเส้นเล็ก 300 ก.",PACK,1,41,82
8857104140017,"เคซีเอฟ ไข่เค็มต้ม แพ็ค 4 ฟอง",Piece,1,41,82
2000100078440,"แตงกวา แพ็ค 500 ก.",PACK,3,25,79
8850161166051,"อัมพวา กะทิแท้ 100% Prisma 1 ล.",Piece,1,79,79
2000100073742,"สับปะรดศรีราชา 1 ลูก",Piece,2,39,78
8856366000015,"คาอิโซ เส้นแก้ว 300 ก.",PACK,1,39,78
8851056190106,"ฟิกเกอร์ ตะหลิวไนลอน ทนร้อน 210 องศา สีดำ รุ่น NSP001",Piece,1,38,76
8001200139196,"แอคเนซี พาสต้า เพนเน่ ริกาเต้ เบอร์ 19 500 ก.",Piece,1,76,76
2000100079447,"ขึ้นฉ่าย แพ็ค 150 ก.",PACK,3,25,72
2000100077115,"ถั่วงอก แพ็ค 1 กก.",PACK,2,35,70
8851163047775,"เอ็นที ชุดช้อนตวงสแตนเลส 4 ขนาด",Piece,1,35,70
8850885324263,"ตรามือที่ 1 โรสแมรี่ 100 ก.",Piece,1,70,70
2000100144947,"ปลาทูนึ่ง 4 ตัว ขนาด 8-10 ตัว/กก. 1 แพ็ค",PACK,1,69,69
8854700004231,"ขมิ้น ผง 200 ก.",Piece,1,68,68
8859407100088,"ซีไอ เต้าหู้ขาว 200 ก.",Piece,1,21,63
8858870307840,"เอ ชอยซ์ เกล็ดขนมปัง 1 กก.",Piece,1,62,62
8850341100011,"ใบหยก แป้งข้าวจ้าว 1 กก.",Piece,1,31,62
2000100078150,"มะเขือยาว 1 กก.",Kilogram,1,59,59
2000100073506,"ถั่วลันเตาหวานนอก แพ็ค 300 ก.",PACK,1,59,59
8859786400557,"เอ ชอยซ์ ถั่วลันเตาแช่แข็ง 1 กก.",Piece,1,59,59
8850173330167,"น้ำใจ พริกแกง พะแนง 500 ก.",Piece,1,58,58
2000100077450,"ผักกาดขาวปลี 1 กก.",Kilogram,1,29,58
8850329381876,"เมจิ โยเกิร์ตไม่เติมน้ำตาล รสธรรมชาติ 135 ก. x 4",Piece,1,58,58
2000100078822,"หัวไชเท้า ถุงใหญ่ 2.5-3.5 กก./แพ็ค",Pack,1,19,57
8857129337140,"เอ ชอยซ์ ซอสพริก 1,000 ก.",Piece,1,27,54
2000100078976,"คะน้า แพ็ค 300 ก.",PACK,2,25,54
8851717021084,"ดัชชี่ โพรไบโอติก โยเกิร์ต รสออริจินัล 125 ก. x 4",PACK,1,53,53
2000100075067,"หอมแดง ตัดจุก แพ็ค 1 กก.",PACK,1,49,49
2000100075524,"ผักชีฝรั่ง ออร์แกนิค แพ็ค 150 ก.",PACK,1,49,49
2000100144565,"สาลี่น้ำผึ้ง 1 กก.",Kilogram,1,49,49
2000100314180,"มันหวาน ซิลค์สวีท แพ็ค 500 ก.",PACK,1,45,45
2000100079058,"ผักกวางตุ้ง แพ็ค 300 ก.",PACK,2,19,44
8853026003942,"เอ ชอยซ์ น้ำส้มสายชูหมักข้าว 1 ล.",Piece,1,43,43
8858878502056,"ช้อนทอง เต้าหู้ไข่ไก่ 120 ก. x 5",Piece,1,40,40
2000100154861,"พริกชี้ฟ้า แห้ง เด็ดก้าน 100 ก.",Piece,1,38,38
2000100154854,"พริกชี้ฟ้า แห้ง 100 ก.",Piece,1,35,35
2000100075364,"ขึ้นฉ่าย ออร์แกนิค แพ็ค 150 ก.",PACK,1,35,35
2000100073636,"กล้วยหอม 1 แพ็ค",PACK,1,32,32
2000100154878,"พริกจินดา แห้ง 100 ก.",Piece,1,32,32
2000100079911,"ใบมะกรูดเด็ดก้าน แพ็ค 50 ก.",Piece,2,15,30
2000100077702,"พาร์สลีย์ แพ็ค 200 ก.",PACK,1,29,29
2000100080887,"พริกเหลือง แพ็ค 100 ก.",PACK,1,29,29
2000100051719,"กระดูกข้อขาหมู 1 กก.",Kilogram,1,24,24
2000100079744,"ใบโหระพาและใบกะเพรา แพ็ค 150 ก.",PACK,1,22,22
2000100288290,"ปวยเล้งนอก 200 ก.",Piece,1,20,20