"วัตถุดิบ","ทุกกี่วัน","สั่งกี่วัน","ร้าน","ยอดรวม","กี่ชื่อ","ล่าสุด","ชื่อทั้งหมด"
"มิชชั่น แผ่นแป้งรสดั้งเดิม 360 ก.","2","3","GO","2300","1","2026-06-04","GO: มิชชั่น แผ่นแป้งรสดั้งเดิม 360 ก."
"กระเทียมจีน แกะกลีบใหญ่ ยกกระสอบ 5 กก.","2","2","GO","550","1","2026-06-27","GO: กระเทียมจีน แกะกลีบใหญ่ ยกกระสอบ 5 กก."
"ซุปเปอร์เซฟ ถาดฟอยล์เหลี่ยม พร้อมฝาเบอร์ 4432-P 230 มล. x 10","2","2","GO","384","1","2026-08-02","GO: ซุปเปอร์เซฟ ถาดฟอยล์เหลี่ยม พร้อมฝาเบอร์ 4432-P 230 มล. x 10"
"อโวคาโดพันธุ์แฮชสุก (นําเข้า) 1 ลูก/แพ็ค","2","2","Freshket","175","2","2026-08-20","Freshket: อโวคาโดพันธุ์แฮชสุก (นําเข้า) 1 ลูก/แพ็ค | Freshket: อโวคาโดพันธุ์แฮชสุก (นําเข้า) 2 ลูก/แพ็ค"
"มะม่วงเปรียว (ตามฤดูกาล) คัดสวย","2","2","Freshket","171","2","2026-09-05","Freshket: มะม่วงเปรียว (ตามฤดูกาล) คัดสวย | Freshket: มะม่วงเปรียว (ตามฤดูกาล)"
"โครงการหลวง ผักสลัดแก้ว แพ็ค 300 ก.","2","2","GO","140","1","2026-07-09","GO: โครงการหลวง ผักสลัดแก้ว แพ็ค 300 ก."
"สันในหมู","3","31","Freshket+GO","29248","3","2026-09-16","Freshket: สันในหมู | GO: สันในหมู 1 กก. | Freshket: สันในหมู (แช่แข็ง)"
"อกไก่เนื้อล้วนติดหนัง 1 กก.","3","34","GO+Freshket","24430","2","2026-09-16","GO: อกไก่เนื้อล้วนติดหนัง 1 กก. | Freshket: อกไก่ติดหนัง"
"มันเทศเนือเหลืองไทย","3","2","Freshket","260","1","2026-09-09","Freshket: มันเทศเนือเหลืองไทย"
"เจ้ควิก เต้าหู้ขาว 180 ก.","3","3","GO","126","1","2026-07-27","GO: เจ้ควิก เต้าหู้ขาว 180 ก."
"ผักชี ถุงใหญ่ 0.5-1.5 กก./แพ็ค","4","27","GO+Freshket","2261","8","2026-09-16","GO: ผักชี ถุงใหญ่ 0.5-1.5 กก./แพ็ค | GO: ผักชีลาว แพ็ค 150 ก. | GO: ผักชี แพ็ค 150 ก. | GO: ผักชีฝรั่ง แพ็ค 150 ก. | Freshket: ผักชีไทยพร้อมราก | Freshket: ผักชีใบเลือย | GO: ผักชีฝรั่ง ออร์แกนิค แพ็ค 150 ก. | Freshket: ผักชีจีน"
"แตงกวาญี่ปุ่น 1 กก.","4","21","GO+Freshket","1626","5","2026-09-01","GO: แตงกวาญี่ปุ่น 1 กก. | GO: แตงกวา แพ็ค 500 ก. | Freshket: แตงกวาญี่ปุน | GO: แตงกวาญี่ปุ่น ถุงใหญ่ 2.5-3.5 กก./แพ็ค | Freshket: แตงกวาไทย"
"ดอกกะหล่ำขาวจีน 1 กก.","4","17","GO","1128","1","2026-08-06","GO: ดอกกะหล่ำขาวจีน 1 กก."
"ใบกะเพรา แพ็ค 150 ก.","4","5","GO","106","1","2026-08-04","GO: ใบกะเพรา แพ็ค 150 ก."
"มะเขือเทศราชินี 1 กก.","5","23","GO+Freshket","2505","3","2026-09-15","GO: มะเขือเทศราชินี 1 กก. | Freshket: มะเขือเทศราชินีไทย | GO: มะเขือเทศราชินี ออร์แกนิค แพ็ค 300 ก."
"พริกยักษ์สีแดง 1 กก.","5","20","GO+Freshket","2280","5","2026-09-12","GO: พริกยักษ์สีแดง 1 กก. | GO: พริกยักษ์ 3 สี แพ็ค 6 ลูก | Freshket: พริกยักษ์ คละสี | GO: โครงการหลวง พริกยักษ์สีแดง แพ็ค 150 ก. | Freshket: พริกยักษ์ คละสี 3 ลูก/แพ็ค"
"เห็ดออรินจินอก เล็ก แพ็ค 1 กก.","5","22","GO+Freshket","1261","2","2026-09-15","GO: เห็ดออรินจินอก เล็ก แพ็ค 1 กก. | Freshket: เห็ดออรินจิ"
"ต้นหอม แพ็ค 150 ก.","5","23","GO+Freshket","915","4","2026-09-15","GO: ต้นหอม แพ็ค 150 ก. | Freshket: ต้นหอมไทย คัดสวย | Freshket: ต้นหอมไทย | GO: ต้นหอมญี่ปุ่น 1 กก."
"ผักคอสนอก แพ็ค 500 ก.","5","14","GO","913","2","2026-08-04","GO: ผักคอสนอก แพ็ค 500 ก. | GO: ผักคอสนอก ถุงใหญ่ 2 กก."
"เบสท์ฟู้ดส์ สปาเก็ตตี้ 1 กก.","5","2","GO","553","1","2026-07-04","GO: เบสท์ฟู้ดส์ สปาเก็ตตี้ 1 กก."
"เครื่องต้มยำ แพ็ค 300 ก.","5","4","GO","295","1","2026-07-25","GO: เครื่องต้มยำ แพ็ค 300 ก."
"เห็ดชิเมจิดำ แพ็ค 1 กก.","5","4","GO","241","1","2026-06-20","GO: เห็ดชิเมจิดำ แพ็ค 1 กก."
"เห็ดออรินจินอก ใหญ่ แพ็ค 1 กก.","5","3","GO","196","1","2026-06-06","GO: เห็ดออรินจินอก ใหญ่ แพ็ค 1 กก."
"ตรามือที่ 1 โรสแมรี่ 100 ก.","5","2","GO","189","2","2026-08-11","GO: ตรามือที่ 1 โรสแมรี่ 100 ก. | GO: เอลเอวิออน โรสแมรี่ 200 ก."
"บรอกโคลีนอก 1 ลัง","6","14","GO","6830","1","2026-08-10","GO: บรอกโคลีนอก 1 ลัง"
"โกริโกะ สาหร่ายแผ่น เกรดเอ 115 ก.","6","2","GO","440","1","2026-07-11","GO: โกริโกะ สาหร่ายแผ่น เกรดเอ 115 ก."
"โปรเซฟ ผงซักฟอก 3,000 ก.","6","2","GO","327","1","2026-06-09","GO: โปรเซฟ ผงซักฟอก 3,000 ก."
"สลัดแก้วนอก 1 กก.","6","3","GO","228","2","2026-08-10","GO: สลัดแก้วนอก 1 กก. | GO: ผักสลัดแก้ว ออร์แกนิค แพ็ค 200 ก."
"เอ ชอยซ์ ไข่ไก่คละ เบอร์ 3-4 มีฝา x 30","7","16","GO+Freshket","8584","5","2026-09-09","GO: เอ ชอยซ์ ไข่ไก่คละ เบอร์ 3-4 มีฝา x 30 | GO: ไข่ไก่ คละเบอร์ 3-4 ไม่มีฝา 30 ฟอง x 5 | GO: ไข่ไก่ เบอร์ 3 ไม่มีฝา 30 ฟอง x 5 | Freshket: ไข่ไก่ เบอร์ 4 ไม่มีฝา 3 x | Freshket: ไข่ไก่ คละเบอร์ 3-4 ไม่มีฝา 3 x"
"สะโพกไก่","7","13","Freshket+GO","8409","2","2026-09-07","Freshket: สะโพกไก่ | GO: สะโพกไก่ติดกระดูก 1 กก."
"แครอทนอก 1 ลัง","7","17","GO+Freshket","2260","2","2026-09-16","GO: แครอทนอก 1 ลัง | Freshket: แครอท"
"มันฝรั่งนอก 1 กก.","7","9","GO","2068","3","2026-08-10","GO: มันฝรั่งนอก 1 กก. | GO: มันฝรั่งนอก 1 ลัง | GO: มันฝรั่งนอก แพ็ค 1 กก."
"ถั่วฝักยาว แพ็ค 500 ก.","7","15","GO+Freshket","607","3","2026-09-09","GO: ถั่วฝักยาว แพ็ค 500 ก. | Freshket: ถัวฝักยาวเส้นผอมเรียว | Freshket: ถัวฝักยาว"
"ใบโหระพา แพ็ค 150 ก.","7","17","GO+Freshket","488","4","2026-09-15","GO: ใบโหระพา แพ็ค 150 ก. | Freshket: โหระพา | GO: ใบโหระพา ถุงใหญ่ 0.5-1.5 กก./แพ็ค | GO: ใบโหระพาและใบกะเพรา แพ็ค 150 ก."
"พริกขี้หนูแดง แพ็ค 300 ก.","7","10","GO","403","3","2026-08-08","GO: พริกขี้หนูแดง แพ็ค 300 ก. | GO: พริกขี้หนูแดง ถุงใหญ่ 0.5-1.5 กก./แพ็ค | GO: พริกขี้หนูแดง แพ็ค 100 ก."
"สาลีน้าผึง","7","2","Freshket","114","1","2026-09-16","Freshket: สาลีน้าผึง"
"สะระแหน่ คัดสวย","7","2","Freshket","39","2","2026-09-13","Freshket: สะระแหน่ คัดสวย | Freshket: สะระแหน่"
"หอมใหญ่นอก ยกกระสอบ 10 กก.","8","10","GO","2240","5","2026-08-06","GO: หอมใหญ่นอก ยกกระสอบ 10 กก. | GO: หอมใหญ่นอก ยกกระสอบ 5 กก. | GO: หอมใหญ่ไทย แพ็ค 1 กก. | GO: หอมใหญ่ไทย 1 กระสอบ | GO: หอมใหญ่ไทย ยกกระสอบ 5 กก."
"มะเขือเทศท้อ ถุงใหญ่ 2.5-3.5 กก./แพ็ค","8","16","GO+Freshket","1482","3","2026-09-15","GO: มะเขือเทศท้อ ถุงใหญ่ 2.5-3.5 กก./แพ็ค | GO: มะเขือเทศท้อ 1 กก. | Freshket: มะเขือเทศท้อ"
"หอมแดง มัดจุก แพ็ค 1 กก.","8","14","GO+Freshket","1386","3","2026-09-15","GO: หอมแดง มัดจุก แพ็ค 1 กก. | Freshket: หอมแดง ตัดจุก ไม่ปอกเปลือก | GO: หอมแดง ตัดจุก แพ็ค 1 กก."
"หน่อไม้ฝรัง","8","10","Freshket+GO","1113","3","2026-09-06","Freshket: หน่อไม้ฝรัง | GO: หน่อไม้ฝรั่งเขียว แพ็ค 300 ก. | GO: หน่อไม้ฝรั่ง ออร์แกนิค แพ็ค 300 ก."
"พริกขี้หนูสวน แพ็ค 300 ก.","8","13","GO+Freshket","707","5","2026-09-16","GO: พริกขี้หนูสวน แพ็ค 300 ก. | GO: พริกขี้หนูสวนเด็ดก้าน แพ็ค 100 ก. | GO: พริกขี้หนูสวน ถุงใหญ่ 0.5-1.5 กก./แพ็ค | Freshket: พริกขีหนูสวนกลาง คัดสวย | Freshket: พริกขีหนูสวน"
"พริกยักษ์เขียว เบอร์รอง","8","2","Freshket","180","1","2026-09-15","Freshket: พริกยักษ์เขียว เบอร์รอง"
"ตำลึง แพ็ค 150 ก.","8","3","GO","75","1","2026-07-29","GO: ตำลึง แพ็ค 150 ก."
"คิง น้ำมันรำข้าว 5 ล.","9","8","GO","3090","1","2026-08-10","GO: คิง น้ำมันรำข้าว 5 ล."
"ซูกินีไทย","9","4","Freshket","225","1","2026-09-10","Freshket: ซูกินีไทย"
"มะนาวแป้น แพ็ค 10 ลูก","9","7","GO","159","1","2026-08-06","GO: มะนาวแป้น แพ็ค 10 ลูก"
"ผักกาดขาวปลี ถุงใหญ่ 4.5-5.5 กก./แพ็ค","10","13","GO+Freshket","1783","3","2026-09-16","GO: ผักกาดขาวปลี ถุงใหญ่ 4.5-5.5 กก./แพ็ค | Freshket: ผักกาดขาว | GO: ผักกาดขาวปลี 1 กก."
"กะหล่ำปลี 1 กก.","10","7","GO","455","2","2026-07-29","GO: กะหล่ำปลี 1 กก. | GO: กะหล่ำปลี ถุงใหญ่ 4.5-5.5 กก./แพ็ค"
"ข้าวโพดอ่อน แพ็ค 500 ก.","10","12","GO+Freshket","364","4","2026-09-15","GO: ข้าวโพดอ่อน แพ็ค 500 ก. | Freshket: ข้าวโพดอ่อนติดหมวก | Freshket: ข้าวโพดอ่อนติดหมวก คัดสวย | Freshket: ข้าวโพดอ่อนเปลือย"
"ทาบาสโก ซอส เรดเปปเปอร์ 150 มล.","10","2","GO","345","1","2026-08-11","GO: ทาบาสโก ซอส เรดเปปเปอร์ 150 มล."
"มะม่วงเขียวสามรส 1 กก.","10","3","GO","117","1","2026-06-28","GO: มะม่วงเขียวสามรส 1 กก."
"เลมอนนอก #88 1 ลูก","11","10","GO+Freshket","541","3","2026-09-15","GO: เลมอนนอก #88 1 ลูก | Freshket: มะนาวเลมอนนอก 1 ลูก/แพ็ค | Freshket: มะนาวเลมอนนอก 4 ลูก/แพ็ค"
"มะเขือเปราะ แพ็ค 500 ก.","11","8","GO+Freshket","323","3","2026-09-07","GO: มะเขือเปราะ แพ็ค 500 ก. | Freshket: มะเขือเปราะ | Freshket: มะเขือเปราะ คัดสวย"
"พริกยักษ์แดง เบอร์รอง","11","3","Freshket","248","2","2026-09-15","Freshket: พริกยักษ์แดง เบอร์รอง | Freshket: พริกยักษ์แดง"
"สะระแหน่และผักชีฝรั่ง แพ็ค 150 ก.","11","7","GO","217","1","2026-08-11","GO: สะระแหน่และผักชีฝรั่ง แพ็ค 150 ก."
"กระดูกซุปหมู 1 กก.","11","2","GO","104","1","2026-08-02","GO: กระดูกซุปหมู 1 กก."
"วุ้นเส้นแห้ง ตราต้นสน","12","6","Freshket+GO","756","3","2026-09-05","Freshket: วุ้นเส้นแห้ง ตราต้นสน | GO: ต้นสน วุ้นเส้นแห้ง 500 ก. | GO: ต้นสน วุ้นเส้นแห้ง แบบม้วน 80 ก. x 10"
"ขิงแก่ 1 กก.","12","4","GO","300","1","2026-08-11","GO: ขิงแก่ 1 กก."
"คาอิโซ เส้นแก้ว ชนิดเส้นเล็ก 300 ก.","12","2","GO","228","2","2026-06-09","GO: คาอิโซ เส้นแก้ว ชนิดเส้นเล็ก 300 ก. | GO: คาอิโซ เส้นแก้ว ชนิดเส้นเล็ก 1 กก."
"เมจิ โยเกิร์ตไม่มีไขมันรสออริจินัล 135 ก. x 4","12","2","GO","116","1","2026-07-21","GO: เมจิ โยเกิร์ตไม่มีไขมันรสออริจินัล 135 ก. x 4"
"คิวพี มายองเนส สูตรไม่มีน้ำตาล 1 กก.","13","6","GO","2480","1","2026-08-06","GO: คิวพี มายองเนส สูตรไม่มีน้ำตาล 1 กก."
"เส้นเงิน แผ่นเกี๊ยวจีน 500 ก.","13","7","GO+Freshket","514","3","2026-08-24","GO: เส้นเงิน แผ่นเกี๊ยวจีน 500 ก. | Freshket: แผ่นเกียวจีน ตราเส้นเงิน | GO: เส้นเงิน แผ่นเกี๊ยวจีน เจ 500 ก."
"ผักกวางตุ้งไต้หวัน (ไทย)","13","9","Freshket+GO","374","3","2026-09-10","Freshket: ผักกวางตุ้งไต้หวัน (ไทย) | GO: ผักกวางตุ้งไต้หวัน แพ็ค 300 ก. | GO: ผักกวางตุ้ง แพ็ค 300 ก."
"บวบเหลียม หันท่อน","13","7","Freshket+GO","344","2","2026-09-14","Freshket: บวบเหลียม หันท่อน | GO: บวบเหลี่ยม 1 กก."
"ยอดคะน้าฮ่องกง","13","6","Freshket+GO","328","4","2026-09-14","Freshket: ยอดคะน้าฮ่องกง | GO: คะน้า แพ็ค 300 ก. | GO: ยอดคะน้าฮ่องกง แพ็ค 500 ก. | Freshket: ยอดคะน้า คัดสวย"
"ผักโขมจีน แพ็ค 300 ก.","13","6","GO+Freshket","305","4","2026-09-15","GO: ผักโขมจีน แพ็ค 300 ก. | Freshket: ผักโขมไทย คัดสวย | Freshket: ผักโขมจีน | Freshket: ผักโขมแบบบอล (แช่แข็ง)"
"พริกไทยอ่อน แพ็ค 150 ก.","13","2","GO+Freshket","113","2","2026-08-19","GO: พริกไทยอ่อน แพ็ค 150 ก. | Freshket: พริกไทยอ่อน คัดสวย (เป็นพวงเต็มก้าน)"
"โฟร์โมสต์ นมยูเอชที รสจืด 1,000 มล. x 12","14","2","GO+Freshket","1239","2","2026-08-18","GO: โฟร์โมสต์ นมยูเอชที รสจืด 1,000 มล. x 12 | Freshket: นมยูเอชที รสจืด ตราโฟร์โมสต์ 12 x"
"เด็กสมบูรณ์ ซีอิ๊วขาว สูตร 1 4,500 มล.","14","3","GO","677","1","2026-07-23","GO: เด็กสมบูรณ์ ซีอิ๊วขาว สูตร 1 4,500 มล."
"หอมหัวใหญ่","14","2","Freshket","550","1","2026-09-15","Freshket: หอมหัวใหญ่"
"ซิลค์สวีท มันหวาน ยกลัง 500 ก. x 8","14","2","GO","520","1","2026-06-16","GO: ซิลค์สวีท มันหวาน ยกลัง 500 ก. x 8"
"เต้าหู้ขาวก้อนแข็ง 220-250 กรัม/ก้อน","14","6","Freshket","508","1","2026-09-13","Freshket: เต้าหู้ขาวก้อนแข็ง 220-250 กรัม/ก้อน"
"พริกหนุ่ม","14","7","Freshket+GO","332","3","2026-09-05","Freshket: พริกหนุ่ม | GO: พริกหนุ่ม ถุงใหญ่ 0.5-1.5 กก./แพ็ค | GO: พริกหนุ่ม แพ็ค 300 ก."
"โมคิ บุกเส้นกลม 2 กก.","14","2","GO","294","1","2026-07-28","GO: โมคิ บุกเส้นกลม 2 กก."
"พริกชี้ฟ้าแดง แพ็ค 300 ก.","14","8","GO+Freshket","250","3","2026-09-05","GO: พริกชี้ฟ้าแดง แพ็ค 300 ก. | Freshket: พริกชีฟ้าแดง | GO: พริกชี้ฟ้าแดง แพ็ค 100 ก."
"ตะไคร้ แพ็ค 500 ก.","14","8","GO+Freshket","177","2","2026-09-07","GO: ตะไคร้ แพ็ค 500 ก. | Freshket: ตะไคร้พันธุ์เกษตร (สีขาว)"
"พริกจินดา แห้ง เด็ดก้าน 100 ก.","14","3","GO","128","2","2026-08-02","GO: พริกจินดา แห้ง เด็ดก้าน 100 ก. | GO: พริกจินดา แห้ง 100 ก."
"ผักแพว แพ็ค 200 ก.","14","2","GO","105","1","2026-07-19","GO: ผักแพว แพ็ค 200 ก."
"เห็ดเข็มทอง แพ็ค 1 กก.","14","2","GO","102","1","2026-06-20","GO: เห็ดเข็มทอง แพ็ค 1 กก."
"เนื้อแดงวัวบด 1 กก.","15","6","GO","3770","1","2026-08-10","GO: เนื้อแดงวัวบด 1 กก."
"กระเทียมจีน แกะกลีบคละไซส์ ยกกระสอบ 5 กก.","15","8","GO+Freshket","2311","3","2026-09-05","GO: กระเทียมจีน แกะกลีบคละไซส์ ยกกระสอบ 5 กก. | GO: กระเทียมจีน แกะกลีบคละไซส์ แพ็ค 1 กก. | Freshket: กระเทียมจีนปอกเปลือก"
"น้ามันรําข้าว ตราคิง","15","3","Freshket","995","1","2026-09-15","Freshket: น้ามันรําข้าว ตราคิง"
"กะทิขวด ตราเรียลไทย 6 x","15","4","Freshket+GO","520","3","2026-09-16","Freshket: กะทิขวด ตราเรียลไทย 6 x | GO: อัมพวา กะทิแท้ 100% 250 มล. x 6 | Freshket: กะทิขวด ตราอัมพวา"
"เอ ชอยซ์ ซอสหอยนางรม 5,000 ก.","15","4","GO","379","2","2026-07-23","GO: เอ ชอยซ์ ซอสหอยนางรม 5,000 ก. | GO: เอ ชอยซ์ ซอสหอยนางรม 1,000 ก."
"ตําลึง คัดสวย","15","6","Freshket","295","2","2026-09-14","Freshket: ตําลึง คัดสวย | Freshket: ตําลึง"
"มะระจีน 1 กก.","15","6","GO+Freshket","285","3","2026-09-10","GO: มะระจีน 1 กก. | Freshket: มะระจีน คัดสวย | Freshket: มะระจีน"
"ถั่วงอก แพ็ค 1 กก.","15","7","GO+Freshket","247","4","2026-09-05","GO: ถั่วงอก แพ็ค 1 กก. | Freshket: ถัวงอกเรียวยาว | Freshket: ถัวงอก ตราไผ่คู่ | GO: ถั่วงอกหัวโต 500 ก."
"กะเพราบ้าน","15","6","Freshket","50","1","2026-09-16","Freshket: กะเพราบ้าน"
"เคซีเอฟ ไข่แดงเค็ม x 25","16","5","GO","1493","1","2026-08-08","GO: เคซีเอฟ ไข่แดงเค็ม x 25"
"คานิแฟมิลี่ ปูอัดแท่ง 500 ก.","16","4","GO","485","1","2026-08-09","GO: คานิแฟมิลี่ ปูอัดแท่ง 500 ก."
"คอส (นําเข้า)","16","5","Freshket","262","1","2026-09-01","Freshket: คอส (นําเข้า)"
"แอตแลนติกแซลมอนแล่แช่แข็ง (TRIM-C) 1 กก.","17","5","GO","18138","1","2026-08-01","GO: แอตแลนติกแซลมอนแล่แช่แข็ง (TRIM-C) 1 กก."
"ขนมปังอาทิซาน ซาวโดวจ์ 300 ก.","17","4","GO","490","1","2026-08-09","GO: ขนมปังอาทิซาน ซาวโดวจ์ 300 ก."
"ขึ้นฉ่าย แพ็ค 150 ก.","17","4","GO","226","3","2026-07-27","GO: ขึ้นฉ่าย แพ็ค 150 ก. | GO: ขึ้นฉ่าย ถุงใหญ่ 0.5-1.5 กก./แพ็ค | GO: ขึ้นฉ่าย ออร์แกนิค แพ็ค 150 ก."
"ผักบุ้งจีน คัดสวย","17","5","Freshket+GO","89","3","2026-09-07","Freshket: ผักบุ้งจีน คัดสวย | GO: ผักบุ้งจีน แพ็ค 500 ก. | Freshket: ผักบุ้งจีน"
"เอ ชอยซ์ เห็ดแชมปิญองสไลด์แช่แข็ง 1 กก.","18","5","GO","2590","2","2026-08-10","GO: เอ ชอยซ์ เห็ดแชมปิญองสไลด์แช่แข็ง 1 กก. | GO: เอ ชอยซ์ เห็ดแชมปิญองสไลด์แช่แข็ง 1 กก. x 10"
"ไวไว เส้นหมี่กึ่งสำเร็จรูปอบแห้ง 2,700 ก.","18","3","GO","527","2","2026-08-10","GO: ไวไว เส้นหมี่กึ่งสำเร็จรูปอบแห้ง 2,700 ก. | GO: ไวไว เส้นหมี่กึ่งสำเร็จรูปอบแห้ง 500 ก. x 3"
"เอ ชอยซ์ ซอส โชยุ 1 ล.","18","3","GO","390","1","2026-08-11","GO: เอ ชอยซ์ ซอส โชยุ 1 ล."
"คนแบกกุ้ง น้ำปลา 4,500 มล.","18","2","GO","346","1","2026-06-25","GO: คนแบกกุ้ง น้ำปลา 4,500 มล."
"กะหล่าปลี","18","3","Freshket","124","1","2026-09-15","Freshket: กะหล่าปลี"
"ปลาทูอินเดียแช่แข็ง ขนาด 4-6 ตัว/กก. แพ็ค 1 กก. x 10","19","3","GO","2232","3","2026-07-14","GO: ปลาทูอินเดียแช่แข็ง ขนาด 4-6 ตัว/กก. แพ็ค 1 กก. x 10 | GO: ปลาทูอินเดียแช่แข็ง ขนาด 6-8 ตัว/กก. แพ็ค 1 กก. | GO: ปลาทูอินเดียแช่แข็ง ขนาด 4-6 ตัว/กก. แพ็ค 1 กก."
"ซีเล็ค ฟิตต์ ทูน่าสเต็กในน้ำเกลือ 1,885 ก.","19","4","GO","1598","1","2026-08-04","GO: ซีเล็ค ฟิตต์ ทูน่าสเต็กในน้ำเกลือ 1,885 ก."
"มันหวานสายพันธุ์ญี่ปุ่น สีเหลือง 1 กก.","19","3","GO","297","1","2026-08-09","GO: มันหวานสายพันธุ์ญี่ปุ่น สีเหลือง 1 กก."
"ปลาทูนึ่ง 2 ตัว","20","3","GO","938","2","2026-08-06","GO: ปลาทูนึ่ง 2 ตัว | GO: ปลาทูนึ่ง 4 ตัว ขนาด 8-10 ตัว/กก. 1 แพ็ค"
"เอ ชอยซ์ ใบผักโขมแบบก้อนแช่แข็ง 1 กก.","20","3","GO","601","1","2026-07-26","GO: เอ ชอยซ์ ใบผักโขมแบบก้อนแช่แข็ง 1 กก."
"ซุปเปอร์เซฟ กระดาษอเนกประสงค์ 2 ชั้น แพ็ค 6+2","20","2","GO","270","1","2026-08-11","GO: ซุปเปอร์เซฟ กระดาษอเนกประสงค์ 2 ชั้น แพ็ค 6+2"
"สาลี่ทอง 1 กก.","20","4","GO","196","1","2026-08-04","GO: สาลี่ทอง 1 กก."
"เห็ดฟาง ดอกใหญ่ 1 กก.","21","4","GO+Freshket","785","2","2026-09-05","GO: เห็ดฟาง ดอกใหญ่ 1 กก. | Freshket: เห็ดฟาง ขนาดใหญ่"
"แฮเพียว เลเวอร์ ซีซามี ออยล์ สาหร่ายอบแห้งปรุงรส รสน้ำมันงา 4 ก. x 16","21","3","GO","689","1","2026-08-02","GO: แฮเพียว เลเวอร์ ซีซามี ออยล์ สาหร่ายอบแห้งปรุงรส รสน้ำมันงา 4 ก. x 16"
"ทรีเลดี้ แผ่นแป้งปอเปี๊ยะเวียดนามวงกลม 22 ซม. 340 ก.","21","2","GO","366","1","2026-07-07","GO: ทรีเลดี้ แผ่นแป้งปอเปี๊ยะเวียดนามวงกลม 22 ซม. 340 ก."
"หัวไชเท้า","21","6","Freshket+GO","301","4","2026-09-14","Freshket: หัวไชเท้า | GO: หัวไชเท้า ถุงใหญ่ 2.5-3.5 กก./แพ็ค | GO: หัวไชเท้า ถุงใหญ่ แพ็ค 3 กก. | GO: หัวไชเท้า 1 กก."
"แสงทอง น้ำตาลเหลว 1,000 ก.","21","2","GO","208","1","2026-07-26","GO: แสงทอง น้ำตาลเหลว 1,000 ก."
"เอ ชอยซ์ น้ำส้มสายชูกลั่น 5% 4,500 มล.","21","2","GO","135","1","2026-07-02","GO: เอ ชอยซ์ น้ำส้มสายชูกลั่น 5% 4,500 มล."
"กล้วยหอม 1 แพ็ค","21","2","GO+Freshket","97","2","2026-07-22","GO: กล้วยหอม 1 แพ็ค | Freshket: กล้วยหอมสุก เบอร์กลาง 5 ลูก/แพ็ค"
"ทูน่าสเต็ก ในน้าเกลือ ตราซีเล็คฟิตต์","22","3","Freshket","888","1","2026-09-02","Freshket: ทูน่าสเต็ก ในน้าเกลือ ตราซีเล็คฟิตต์"
"ฟักทอง 3.5-4.5 กก./ลูก","22","6","GO+Freshket","602","3","2026-09-12","GO: ฟักทอง 3.5-4.5 กก./ลูก | Freshket: ฟักทองไทย 3.0-3.5 กก./ลูก | Freshket: ฟักทองญี่ปุน คัดขนาด 700-800 กรัม/ลูก"
"จริงใจ แปะก๊วยต้มสุกในน้ำเชื่อม 500 ก.","23","4","GO","765","1","2026-08-04","GO: จริงใจ แปะก๊วยต้มสุกในน้ำเชื่อม 500 ก."
"พริกจินดาแดง","23","4","Freshket","175","1","2026-09-12","Freshket: พริกจินดาแดง"
"สับปะรดศรีราชา 1 ลูก","24","4","GO","172","2","2026-08-08","GO: สับปะรดศรีราชา 1 ลูก | GO: สับปะรดตราดสีทอง 1 ลูก"
"ตรามือที่ 1 พาร์สลีย์ 50 ก.","24","3","GO","167","2","2026-08-04","GO: ตรามือที่ 1 พาร์สลีย์ 50 ก. | GO: พาร์สลีย์ แพ็ค 200 ก."
"หอมแขกจีน แพ็ค 1 กก.","24","2","GO+Freshket","79","2","2026-07-25","GO: หอมแขกจีน แพ็ค 1 กก. | Freshket: หอมแขก"
"ข่าแก่","25","4","Freshket+GO","160","3","2026-09-07","Freshket: ข่าแก่ | GO: ข่าแก่ 1 กก. | Freshket: ข่าแก่ คัดสวย"
"แอปเปิ้ลฟูจิ #113 แพ็ค 8 ลูก","26","3","GO","229","1","2026-07-22","GO: แอปเปิ้ลฟูจิ #113 แพ็ค 8 ลูก"
"เอ ชอยซ์ น้ำมะนาวแช่แข็ง พันธุ์แป้น 1 กก.","27","3","GO","1650","1","2026-07-18","GO: เอ ชอยซ์ น้ำมะนาวแช่แข็ง พันธุ์แป้น 1 กก."
"ข้าว กข43 ตราฉัตรไลท์ 6 X","28","2","Freshket","1367","2","2026-09-08","Freshket: ข้าว กข43 ตราฉัตรไลท์ 6 X | Freshket: ข้าว กข43 ตราฉัตรไลท์"
"แวลู แพ็ค เม็ดมะม่วงหิมพานต์ดิบชนิดหักท่อน LP 1 กก.","28","2","GO","450","1","2026-07-16","GO: แวลู แพ็ค เม็ดมะม่วงหิมพานต์ดิบชนิดหักท่อน LP 1 กก."
"สับปะรดปัตตาเวีย ขนาด 800-1,000 กรัม/ลูก 1 ลูก/แพ็ค","28","2","Freshket","80","1","2026-08-17","Freshket: สับปะรดปัตตาเวีย ขนาด 800-1,000 กรัม/ลูก 1 ลูก/แพ็ค"
"ใบมะกรูดเด็ดก้าน แพ็ค 50 ก.","29","4","GO+Freshket","40","2","2026-09-02","GO: ใบมะกรูดเด็ดก้าน แพ็ค 50 ก. | Freshket: ใบมะกรูด คัดสวย"
"เอ ชอยซ์ ถุงมือพลาสติกอเนกประสงค์ x 100","30","3","GO","585","1","2026-07-30","GO: เอ ชอยซ์ ถุงมือพลาสติกอเนกประสงค์ x 100"
"เอชอยซ์ สาหร่ายวากาเมะ 220 ก.","31","2","GO","353","1","2026-08-05","GO: เอชอยซ์ สาหร่ายวากาเมะ 220 ก."
"กุนเชียงหมู ตราเจ๊หงษ์","32","3","Freshket","781","2","2026-09-16","Freshket: กุนเชียงหมู ตราเจ๊หงษ์ | Freshket: กุนเชียงหมู ตราเจ๊เล็ก"
"แอคเนซี พาสต้า คาเปลลินี เบอร์ 1 500 ก.","32","2","GO","481","1","2026-06-29","GO: แอคเนซี พาสต้า คาเปลลินี เบอร์ 1 500 ก."
"คุณเฮง เต้าหู้ขาวแข็ง 150 ก.","35","2","GO","270","1","2026-08-02","GO: คุณเฮง เต้าหู้ขาวแข็ง 150 ก."
"ปรุงทิพย์ เกลือ 5 กก.","35","2","GO","110","1","2026-08-02","GO: ปรุงทิพย์ เกลือ 5 กก."
"แอปเปิลแดงฟูจิ 10 ลูก/แพ็ค","38","3","Freshket","244","2","2026-09-14","Freshket: แอปเปิลแดงฟูจิ 10 ลูก/แพ็ค | Freshket: แอปเปิลแดงฟูจิ เบอร์ 80 2 ลูก/แพ็ค"
"แสนดี ข้าวไรซ์เบอร์รี่ 100% 5 กก.","39","3","GO","3708","1","2026-08-10","GO: แสนดี ข้าวไรซ์เบอร์รี่ 100% 5 กก."
"พริกชี้ฟ้า แห้ง เด็ดก้าน 100 ก.","39","3","GO+Freshket","133","3","2026-09-09","GO: พริกชี้ฟ้า แห้ง เด็ดก้าน 100 ก. | GO: พริกชี้ฟ้า แห้ง 100 ก. | Freshket: พริกชีฟ้าแห้ง (เด็ดก้าน)"
"พริกชี้ฟ้าเขียว แพ็ค 300 ก.","40","3","GO+Freshket","81","3","2026-09-16","GO: พริกชี้ฟ้าเขียว แพ็ค 300 ก. | Freshket: พริกชีฟ้าเขียว คัดสวย | Freshket: พริกชีฟ้าเขียว"
"เอ ชอยซ์ งาดำ 500 ก.","42","2","GO","300","1","2026-08-09","GO: เอ ชอยซ์ งาดำ 500 ก."
"เอ ชอยซ์ งาขาว 500 ก.","42","2","GO","268","1","2026-08-09","GO: เอ ชอยซ์ งาขาว 500 ก."
"ถั่วลันเตาหวานนอก แพ็ค 300 ก.","45","2","GO+Freshket","159","2","2026-09-15","GO: ถั่วลันเตาหวานนอก แพ็ค 300 ก. | Freshket: ถัวลันเตาหวาน"
"ซีโครงหมูหันชิน","48","3","Freshket+GO","613","2","2026-09-14","Freshket: ซีโครงหมูหันชิน | GO: ซี่โครงหมูหั่นชิ้น 1 กก."
"ตับไก่ 1 กก.","48","3","GO+Freshket","323","2","2026-09-14","GO: ตับไก่ 1 กก. | Freshket: ตับไก่ ตราเบทาโกร (แช่แข็ง)"
"เอ ชอยซ์ ซอสมะเขือเทศ 5,000 ก.","48","2","GO","295","1","2026-07-19","GO: เอ ชอยซ์ ซอสมะเขือเทศ 5,000 ก."
"เครสโป มะกอกดำ ไม่มีเมล็ด 387 ก.","54","2","GO","209","1","2026-08-04","GO: เครสโป มะกอกดำ ไม่มีเมล็ด 387 ก."
"เอ ชอยซ์ เมล็ดข้าวโพดหวานแช่แข็ง 1 กก.","54","2","GO+Freshket","187","2","2026-09-15","GO: เอ ชอยซ์ เมล็ดข้าวโพดหวานแช่แข็ง 1 กก. | Freshket: เมล็ดข้าวโพดหวาน (แช่แข็ง)"
"เอ ชอยซ์ ถั่วลิสง 500 ก. x 10","59","2","GO","499","2","2026-08-01","GO: เอ ชอยซ์ ถั่วลิสง 500 ก. x 10 | GO: เอ ชอยซ์ ถั่วลิสง 1,000 ก."
"แป้งข้าวเจ้า ตราใบหยก","61","2","Freshket","98","1","2026-09-05","Freshket: แป้งข้าวเจ้า ตราใบหยก"
"ปลาซาบะแล่แช่แข็ง 1 กก. x 10","70","2","GO","2875","2","2026-08-11","GO: ปลาซาบะแล่แช่แข็ง 1 กก. x 10 | GO: ปลาซาบะแล่แช่แข็ง แพ็ค 1 กก."
"โคโฮแซลมอนแล่แช่แข็ง (Trim-C) 0.8-2.0 กก./แพ็ค","","1","GO","6020","1","2026-08-05","GO: โคโฮแซลมอนแล่แช่แข็ง (Trim-C) 0.8-2.0 กก./แพ็ค"
"เอ ชอยซ์ เนื้อทูน่าซากุ 1 กก.","","1","GO","1947","1","2026-08-09","GO: เอ ชอยซ์ เนื้อทูน่าซากุ 1 กก."
"เนื้อทูน่าซากุแช่แข็ง ขนาด 500 ก.","","1","GO","1600","1","2026-05-26","GO: เนื้อทูน่าซากุแช่แข็ง ขนาด 500 ก."
"ออร์คิด เนยเพียวบัตเตอร์จืด 2 กก.","","1","GO","798","1","2026-06-30","GO: ออร์คิด เนยเพียวบัตเตอร์จืด 2 กก."
"เผือก ถุงใหญ่ 9.5-10.5 กก./แพ็ค","","1","GO","590","1","2026-06-10","GO: เผือก ถุงใหญ่ 9.5-10.5 กก./แพ็ค"
"กุ้งแห้งจืด","","1","Freshket","514","1","2026-08-10","Freshket: กุ้งแห้งจืด"
"คาซา รินัลดิ น้ำมันมะกอกธรรมชาติ เอ็กซ์ตร้าเวอร์จิ้น 1 ล.","","1","GO","490","1","2026-07-28","GO: คาซา รินัลดิ น้ำมันมะกอกธรรมชาติ เอ็กซ์ตร้าเวอร์จิ้น 1 ล."
"โปรเซฟ ผลิตภัณฑ์ล้างจาน 10 ล.","","1","GO","430","1","2026-06-01","GO: โปรเซฟ ผลิตภัณฑ์ล้างจาน 10 ล."
"เอ ชอยซ์ เห็ดหอม แห้ง ดอกเล็ก 500 ก.","","1","GO","420","1","2026-06-27","GO: เอ ชอยซ์ เห็ดหอม แห้ง ดอกเล็ก 500 ก."
"บ้านไผ่ กุนเชียงเชือกฟ้า 125 ก. x 3","","1","GO","405","1","2026-06-03","GO: บ้านไผ่ กุนเชียงเชือกฟ้า 125 ก. x 3"
"ควินัวขาว ออแกนิค ตรากรีนไล์ฟ 1 กิโลกรัม","","1","Freshket","395","1","2026-08-16","Freshket: ควินัวขาว ออแกนิค ตรากรีนไล์ฟ 1 กิโลกรัม"
"ไทยเดนมาร์ค นมโคยูเอชที รสจืด 180 มล. x 36","","1","GO","358","1","2026-06-01","GO: ไทยเดนมาร์ค นมโคยูเอชที รสจืด 180 มล. x 36"
"ตราชั่ง กะปิ 185 ก. x 6","","1","GO","355","1","2026-07-14","GO: ตราชั่ง กะปิ 185 ก. x 6"
"เครืองแกงกะหรีสูตรเผ็ดกลาง ตราเอสแอนด์บี","","1","Freshket","333","1","2026-08-17","Freshket: เครืองแกงกะหรีสูตรเผ็ดกลาง ตราเอสแอนด์บี"
"เนื้อลูกมะพร้าววัวออสเตรเลียบด ขนาด 300-500 ก./แพ็ค","","1","GO","332","1","2026-07-14","GO: เนื้อลูกมะพร้าววัวออสเตรเลียบด ขนาด 300-500 ก./แพ็ค"
"เอ ชอยซ์ ข้าวเหนียว 5 กก.","","1","GO","330","1","2026-06-14","GO: เอ ชอยซ์ ข้าวเหนียว 5 กก."
"ซุปเปอร์เซฟ ถุงขยะดำหนา 30 x 40 นิ้ว 1 กก.","","1","GO","316","2","2026-08-10","GO: ซุปเปอร์เซฟ ถุงขยะดำหนา 30 x 40 นิ้ว 1 กก. | GO: ซุปเปอร์เซฟ ถุงขยะดำหนา 36 x 45 นิ้ว 1 กก."
"ซุปเปอร์เซฟ ฟิล์มยืดหุ้มห่ออาหาร 10 นิ้ว x 500 ม.","","1","GO","305","1","2026-06-04","GO: ซุปเปอร์เซฟ ฟิล์มยืดหุ้มห่ออาหาร 10 นิ้ว x 500 ม."
"ตรามือที่ 1 พริกไทยดำ ป่น 500 ก.","","1","GO","299","1","2026-05-30","GO: ตรามือที่ 1 พริกไทยดำ ป่น 500 ก."
"แอคเนซี พาสต้า สปาเก็ตตี้ เบอร์ 3 500 ก.","","1","GO","284","1","2026-06-04","GO: แอคเนซี พาสต้า สปาเก็ตตี้ เบอร์ 3 500 ก."
"ซุปเปอร์เซฟ ถุงเย็น HDPE 6 x 9 นิ้ว บรรจุ 1 กก.","","1","GO","278","2","2026-06-07","GO: ซุปเปอร์เซฟ ถุงเย็น HDPE 6 x 9 นิ้ว บรรจุ 1 กก. | GO: ซุปเปอร์เซฟ ถุงเย็น HDPE 12 x 18 นิ้ว บรรจุ 1 กก."
"บาบู ควีนัว 3 สี 450 ก.","","1","GO","275","1","2026-07-23","GO: บาบู ควีนัว 3 สี 450 ก."
"แสนดี ข้าวหอมมะลิ 100% 5 กก.","","1","GO","264","1","2026-07-27","GO: แสนดี ข้าวหอมมะลิ 100% 5 กก."
"คิงมารีนฟู้ดส์ ไข่ปลาเคปปลินเอบิโกะปรุงรสสีส้มแช่แข็ง 500 ก.","","1","GO","255","1","2026-07-19","GO: คิงมารีนฟู้ดส์ ไข่ปลาเคปปลินเอบิโกะปรุงรสสีส้มแช่แข็ง 500 ก."
"เม็ดบัว แห้ง 500 ก.","","1","GO","250","1","2026-06-06","GO: เม็ดบัว แห้ง 500 ก."
"ลูยจลิโอ น้ำมันมะกอกบริสุทธิ์ 1 ล.","","1","GO","250","1","2026-07-26","GO: ลูยจลิโอ น้ำมันมะกอกบริสุทธิ์ 1 ล."
"สาหร่ายทะเลย่าง ตราทาเบรุ","","1","Freshket","239","1","2026-08-20","Freshket: สาหร่ายทะเลย่าง ตราทาเบรุ"
"เอบีซี มอสซาเรลล่าเชดด้าชีสหั่นเต๋าแช่แข็ง 900 ก.","","1","GO","235","1","2026-08-01","GO: เอบีซี มอสซาเรลล่าเชดด้าชีสหั่นเต๋าแช่แข็ง 900 ก."
"แครนเบอร์รีซอร์พต์มอยท์ ตราเฮอริเทจ","","1","Freshket","231","1","2026-09-03","Freshket: แครนเบอร์รีซอร์พต์มอยท์ ตราเฮอริเทจ"
"แองเคอร์ แดรี่วิปปิ้งครีม 1 ล.","","1","GO","229","1","2026-06-09","GO: แองเคอร์ แดรี่วิปปิ้งครีม 1 ล."
"แอคเนซี พาสต้า เอลิเก เบอร์ 56 500 ก.","","1","GO","228","1","2026-06-09","GO: แอคเนซี พาสต้า เอลิเก เบอร์ 56 500 ก."
"ขนมปังฝรังเศส บาแกตต์ (แช่แข็ง) ตราดุสิต 4 ชิน/แพ็ค","","1","Freshket","220","1","2026-09-15","Freshket: ขนมปังฝรังเศส บาแกตต์ (แช่แข็ง) ตราดุสิต 4 ชิน/แพ็ค"
"ไทยฮันนี่ น้ำผึ้งดอกไม้ป่าขนาด 1,000 ก.","","1","GO","210","1","2026-06-25","GO: ไทยฮันนี่ น้ำผึ้งดอกไม้ป่าขนาด 1,000 ก."
"เฮอริเทจ แครนเบอร์รี่ ซอฟแอนด์มอยส์ 500 ก.","","1","GO","210","1","2026-07-09","GO: เฮอริเทจ แครนเบอร์รี่ ซอฟแอนด์มอยส์ 500 ก."
"เห็ดหอมแห้งเล็ก ตราต้นตะวัน","","1","Freshket","210","1","2026-09-14","Freshket: เห็ดหอมแห้งเล็ก ตราต้นตะวัน"
"สุราปรุงอาหารเสียวเฮงฮวยเตียว (เหล้าจีน) ตราเจดีย์","","1","Freshket","196","1","2026-07-18","Freshket: สุราปรุงอาหารเสียวเฮงฮวยเตียว (เหล้าจีน) ตราเจดีย์"
"ลูกพรุนอบแห้งพรีเมียม ตราเฮอริเทจ","","1","Freshket","196","1","2026-08-20","Freshket: ลูกพรุนอบแห้งพรีเมียม ตราเฮอริเทจ"
"ดาวน์นี่ น้ำยาปรับผ้านุ่มเข้มข้น ตากผ้าในร่ม 2,000 มล.","","1","GO","195","1","2026-06-03","GO: ดาวน์นี่ น้ำยาปรับผ้านุ่มเข้มข้น ตากผ้าในร่ม 2,000 มล."
"ไดโน่ ม็อบล็อค ด้ามอลูมิเนียม 1.2 ม. พร้อมผ้าม็อบ 300 ก. 12 นิ้ว","","1","GO","195","1","2026-07-13","GO: ไดโน่ ม็อบล็อค ด้ามอลูมิเนียม 1.2 ม. พร้อมผ้าม็อบ 300 ก. 12 นิ้ว"
"แมกโนเลีย แดรี่วิปปิ้งครีม 946 มล.","","1","GO","195","1","2026-08-04","GO: แมกโนเลีย แดรี่วิปปิ้งครีม 946 มล."
"ทิพรส น้ำปลา 4,500 มล.","","1","GO","192","1","2026-07-27","GO: ทิพรส น้ำปลา 4,500 มล."
"พรวิภา กุนเชียงหมู 8 นิ้ว ผูกเชือก 1 กก.","","1","GO","190","1","2026-08-03","GO: พรวิภา กุนเชียงหมู 8 นิ้ว ผูกเชือก 1 กก."
"เอ ชอยซ์ เกาลัดแกะเปลือกแช่แข็ง 1 กก.","","1","GO","189","1","2026-05-27","GO: เอ ชอยซ์ เกาลัดแกะเปลือกแช่แข็ง 1 กก."
"เอ ชอยซ์ กระเทียมโทนดอง 850 ก.","","1","GO","189","1","2026-06-27","GO: เอ ชอยซ์ กระเทียมโทนดอง 850 ก."
"น้าผึงเกสรดอกลําไย ตราดอยคํา","","1","Freshket","188","1","2026-09-02","Freshket: น้าผึงเกสรดอกลําไย ตราดอยคํา"
"เอ ชอยซ์ มะม่วงน้ำดอกไม้หั่นเต๋าแช่แข็ง 1 กก.","","1","GO","175","1","2026-07-11","GO: เอ ชอยซ์ มะม่วงน้ำดอกไม้หั่นเต๋าแช่แข็ง 1 กก."
"โลโบ ผงทำหมูแดง 100 ก. x 6","","1","GO","170","1","2026-06-20","GO: โลโบ ผงทำหมูแดง 100 ก. x 6"
"เอ็มบอร์ก วิปแอนด์คุก 1 กก.","","1","GO","170","1","2026-07-16","GO: เอ็มบอร์ก วิปแอนด์คุก 1 กก."
"เอ ชอยซ์ พริกป่น 800 ก.","","1","GO","165","1","2026-08-11","GO: เอ ชอยซ์ พริกป่น 800 ก."
"เส้นหมีอบแห้ง ตราไวไว","","1","Freshket","164","1","2026-09-02","Freshket: เส้นหมีอบแห้ง ตราไวไว"
"กระดาษไขเคลือบพิเศษ 45 ซม. x 30 ม. 1 ชิน/กล่อง","","1","Freshket","164","1","2026-09-08","Freshket: กระดาษไขเคลือบพิเศษ 45 ซม. x 30 ม. 1 ชิน/กล่อง"
"บะหมีผักโมโรเฮยะ","","1","Freshket","161","1","2026-07-06","Freshket: บะหมีผักโมโรเฮยะ"
"วิม ผลิตภัณฑ์ทำความสะอาดห้องน้ำ สีเขียว 3,500 มล.","","1","GO","159","1","2026-06-03","GO: วิม ผลิตภัณฑ์ทำความสะอาดห้องน้ำ สีเขียว 3,500 มล."
"วิซ ถูพื้น ทรีดี ชมพู 5,200 มล.","","1","GO","159","1","2026-06-09","GO: วิซ ถูพื้น ทรีดี ชมพู 5,200 มล."
"น้ายาถูพืน กลินลิลลีบูเก้ ตรามาจิคลีน (สีชมพู)","","1","Freshket","158","1","2026-07-20","Freshket: น้ายาถูพืน กลินลิลลีบูเก้ ตรามาจิคลีน (สีชมพู)"
"สก๊อตช์-ไบรต์ แผ่นใยขัดพร้อมฟองน้ำ 3 x 4 นิ้ว x 12","","1","GO","155","1","2026-07-28","GO: สก๊อตช์-ไบรต์ แผ่นใยขัดพร้อมฟองน้ำ 3 x 4 นิ้ว x 12"
"ทูน่าแซนวิชในน้าเกลือ ตราซีเล็คฟิตต์ 4 x","","1","Freshket","154","1","2026-08-20","Freshket: ทูน่าแซนวิชในน้าเกลือ ตราซีเล็คฟิตต์ 4 x"
"เด็กสมบูรณ์ ซีอิ๊วขาวเห็ดหอม 2,000 มล.","","1","GO","150","1","2026-05-30","GO: เด็กสมบูรณ์ ซีอิ๊วขาวเห็ดหอม 2,000 มล."
"ง่วนเชียง ซีอิ๊วดำฉลากส้ม 2,700 ก.","","1","GO","150","1","2026-07-18","GO: ง่วนเชียง ซีอิ๊วดำฉลากส้ม 2,700 ก."
"บร็อคโคลี","","1","Freshket","150","1","2026-09-16","Freshket: บร็อคโคลี"
"ซันไลต์ ผลิตภัณฑ์ทำความสะอาดพื้น 3.8 ล.","","1","GO","149","1","2026-06-03","GO: ซันไลต์ ผลิตภัณฑ์ทำความสะอาดพื้น 3.8 ล."
"เอ ชอยซ์ แครนเบอร์รี่แช่แข็ง 1 กก.","","1","GO","149","1","2026-08-02","GO: เอ ชอยซ์ แครนเบอร์รี่แช่แข็ง 1 กก."
"ทาเบรุ สาหร่ายแผ่นย่างตัดเส้น 100 ก.","","1","GO","145","1","2026-07-05","GO: ทาเบรุ สาหร่ายแผ่นย่างตัดเส้น 100 ก."
"จังกึม กิมจิ 1 กก.","","1","GO","145","1","2026-08-06","GO: จังกึม กิมจิ 1 กก."
"ดอกกะหล่านอก","","1","Freshket","140","1","2026-09-05","Freshket: ดอกกะหล่านอก"
"ทาลลีย์ ถั่วลันเตาแช่แข็ง 1 กก.","","1","GO","139","1","2026-05-26","GO: ทาลลีย์ ถั่วลันเตาแช่แข็ง 1 กก."
"เห็ดชิเมจิขาว แพ็ค 1 กก.","","1","GO","138","1","2026-08-10","GO: เห็ดชิเมจิขาว แพ็ค 1 กก."
"ออตติมา เส้นคาเปลลินี 500 ก.","","1","GO","135","1","2026-08-06","GO: ออตติมา เส้นคาเปลลินี 500 ก."
"แสงทอง น้ำตาลมะพร้าวก้นหอย 1,000 ก.","","1","GO","130","1","2026-06-07","GO: แสงทอง น้ำตาลมะพร้าวก้นหอย 1,000 ก."
"มันเทศสีม่วง","","1","Freshket","130","1","2026-08-18","Freshket: มันเทศสีม่วง"
"มะละกอฮอลแลนด์สุก 1 กก./ลูก 1 ลูก/แพ็ค","","1","Freshket","130","1","2026-08-20","Freshket: มะละกอฮอลแลนด์สุก 1 กก./ลูก 1 ลูก/แพ็ค"
"ฟองฟอง ฟองเต้าหู้แท่ง 500 ก.","","1","GO","129","1","2026-06-09","GO: ฟองฟอง ฟองเต้าหู้แท่ง 500 ก."
"เพนเน่ พาสต้า/พาสต้ารูปหลอดปลายตัดเฉียง ตราซาน เรโม เบอร์ 18","","1","Freshket","129","1","2026-08-16","Freshket: เพนเน่ พาสต้า/พาสต้ารูปหลอดปลายตัดเฉียง ตราซาน เรโม เบอร์ 18"
"ค้อตเตจชีส ตราออลลี","","1","Freshket","121","1","2026-09-13","Freshket: ค้อตเตจชีส ตราออลลี"
"ผงทําข้าวหมกไก่ ตราโลโบ","","1","Freshket","120","1","2026-08-12","Freshket: ผงทําข้าวหมกไก่ ตราโลโบ"
"เอ็มบอร์ก เกรทเต็ดพาเมซาน 100 ก.","","1","GO","119","1","2026-07-16","GO: เอ็มบอร์ก เกรทเต็ดพาเมซาน 100 ก."
"ถุงม้วนปรุไฮเดนใส ตราซุปเปอร์เซฟ ขนาด 10X15 นิ้ว","","1","GO","119","1","2026-07-30","GO: ถุงม้วนปรุไฮเดนใส ตราซุปเปอร์เซฟ ขนาด 10X15 นิ้ว"
"องุ่นแดงไร้เมล็ด จีน แพ็ค 800 ก.","","1","GO","119","1","2026-08-08","GO: องุ่นแดงไร้เมล็ด จีน แพ็ค 800 ก."
"ฉั่วฮะเส็ง น้ำพริกเผา สูตร 1 900 ก.","","1","GO","118","1","2026-07-11","GO: ฉั่วฮะเส็ง น้ำพริกเผา สูตร 1 900 ก."
"พริกเกาหลีแบบ่ปนหยาบสําหรับทํากิมจิ ตราชองจองวอน","","1","Freshket","116","1","2026-08-12","Freshket: พริกเกาหลีแบบ่ปนหยาบสําหรับทํากิมจิ ตราชองจองวอน"
"แม็กกาแรต ข้าวโอ๊ตละเอียด 1 กก.","","1","GO","110","1","2026-06-10","GO: แม็กกาแรต ข้าวโอ๊ตละเอียด 1 กก."
"เห็ดแชมปิญองหันบางแช่แข็ง ตราเอโร่","","1","Freshket","109","1","2026-09-02","Freshket: เห็ดแชมปิญองหันบางแช่แข็ง ตราเอโร่"
"น้าพริกเผา สูตร1 ตราฉัวฮะเส็ง","","1","Freshket","102","1","2026-08-19","Freshket: น้าพริกเผา สูตร1 ตราฉัวฮะเส็ง"
"เลือดหมูแบบหลอด ตราเบทาโกร 6x210 กรัม/แพ็ค","","1","Freshket","102","1","2026-09-14","Freshket: เลือดหมูแบบหลอด ตราเบทาโกร 6x210 กรัม/แพ็ค"
"ช้างสามเศียร แป้งข้าวเหนียว 1 กก.","","1","GO","100","1","2026-07-23","GO: ช้างสามเศียร แป้งข้าวเหนียว 1 กก."
"น้าพริกแกงเขียวหวานเผ็ดกลางแบบละเอียด ตราร้านเจ้๊ปุ","","1","Freshket","100","1","2026-07-01","Freshket: น้าพริกแกงเขียวหวานเผ็ดกลางแบบละเอียด ตราร้านเจ้๊ปุ"
"ซูปเปอร์ แก๊สบิวเทน แก๊สกระป๋อง 250 ก. x 3","","1","GO","99","1","2026-05-28","GO: ซูปเปอร์ แก๊สบิวเทน แก๊สกระป๋อง 250 ก. x 3"
"มันหวานสายพันธุ์ญี่ปุ่นสีม่วง 1 กก.","","1","GO","99","1","2026-07-11","GO: มันหวานสายพันธุ์ญี่ปุ่นสีม่วง 1 กก."
"ชะอม แพ็ค 300 ก.","","1","GO","98","1","2026-06-27","GO: ชะอม แพ็ค 300 ก."
"ออตติมา เฟตตูชินี่ พาสต้า 500 ก.","","1","GO","98","1","2026-08-04","GO: ออตติมา เฟตตูชินี่ พาสต้า 500 ก."
"น้าตาลปีบ","","1","Freshket","98","1","2026-09-02","Freshket: น้าตาลปีบ"
"สาหร่ายทะเลแห้ง 100 ก.","","1","GO","95","1","2026-07-13","GO: สาหร่ายทะเลแห้ง 100 ก."
"เอสแอนด์บี แกงกะหรี่ก้อนเผ็ด 200 ก.","","1","GO","95","1","2026-08-04","GO: เอสแอนด์บี แกงกะหรี่ก้อนเผ็ด 200 ก."
"น้าพริกแกงส้มแบบละเอียด ตราร้านเจ้๊ปุ","","1","Freshket","94","1","2026-08-10","Freshket: น้าพริกแกงส้มแบบละเอียด ตราร้านเจ้๊ปุ"
"ซุปเปอร์เซฟ ถุงมือพลาสติกสีฟ้า พีอี พับทีละ 2 ชิ้น","","1","GO","93","1","2026-06-21","GO: ซุปเปอร์เซฟ ถุงมือพลาสติกสีฟ้า พีอี พับทีละ 2 ชิ้น"
"สุบากิ วูสเตอร์ซอส 1 ล.","","1","GO","92","1","2026-05-31","GO: สุบากิ วูสเตอร์ซอส 1 ล."
"ลูกเดือย 500 ก.","","1","GO","92","1","2026-06-09","GO: ลูกเดือย 500 ก."
"น้ายาล้างจาน กลินมะนาว ตราเซพแพ็ค","","1","Freshket","92","1","2026-08-19","Freshket: น้ายาล้างจาน กลินมะนาว ตราเซพแพ็ค"
"ถัวลิสงมีเยือหุ้ม ตราไร่ทิพย์ (ห่อสีน้าเงิน)","","1","Freshket","92","1","2026-09-05","Freshket: ถัวลิสงมีเยือหุ้ม ตราไร่ทิพย์ (ห่อสีน้าเงิน)"
"ทาเบรุ สาหร่ายทะเลวากาเมะอบแห้ง 100 ก.","","1","GO","90","1","2026-06-21","GO: ทาเบรุ สาหร่ายทะเลวากาเมะอบแห้ง 100 ก."
"ปาปริก้า่ปน ตรามือที1","","1","Freshket","90","1","2026-09-13","Freshket: ปาปริก้า่ปน ตรามือที1"
"เอ็นที ปืนจุดแก๊ส x 3","","1","GO","89","1","2026-05-28","GO: เอ็นที ปืนจุดแก๊ส x 3"
"ทาเบรุ สาหร่ายทะเลคอมบุอบแห้ง 100 ก.","","1","GO","88","1","2026-07-13","GO: ทาเบรุ สาหร่ายทะเลคอมบุอบแห้ง 100 ก."
"ใบหยก แป้งมันสำปะหลัง 1 กก.","","1","GO","84","1","2026-08-11","GO: ใบหยก แป้งมันสำปะหลัง 1 กก."
"ถัวลันเตาแบน","","1","Freshket","84","1","2026-09-05","Freshket: ถัวลันเตาแบน"
"ดีไลท์ พลัส อีริทริทอลผสมหล่อฮังก้วย ตราลิน","","1","Freshket","83","1","2026-08-12","Freshket: ดีไลท์ พลัส อีริทริทอลผสมหล่อฮังก้วย ตราลิน"
"เคซีเอฟ ไข่เค็มต้ม แพ็ค 4 ฟอง","","1","GO","82","1","2026-08-08","GO: เคซีเอฟ ไข่เค็มต้ม แพ็ค 4 ฟอง"
"อัมพวา กะทิแท้ 100% Prisma 1 ล.","","1","GO","79","1","2026-08-11","GO: อัมพวา กะทิแท้ 100% Prisma 1 ล."
"คาอิโซ เส้นแก้ว 300 ก.","","1","GO","78","1","2026-07-23","GO: คาอิโซ เส้นแก้ว 300 ก."
"ฟิกเกอร์ ตะหลิวไนลอน ทนร้อน 210 องศา สีดำ รุ่น NSP001","","1","GO","76","1","2026-06-09","GO: ฟิกเกอร์ ตะหลิวไนลอน ทนร้อน 210 องศา สีดำ รุ่น NSP001"
"แอคเนซี พาสต้า เพนเน่ ริกาเต้ เบอร์ 19 500 ก.","","1","GO","76","1","2026-08-01","GO: แอคเนซี พาสต้า เพนเน่ ริกาเต้ เบอร์ 19 500 ก."
"พริกชีฟ้าเหลือง (เด็ดก้าน)","","1","Freshket","76","1","2026-08-19","Freshket: พริกชีฟ้าเหลือง (เด็ดก้าน)"
"ผักกาดแก้ว คัดสวย (นําเข้า)","","1","Freshket","76","1","2026-09-15","Freshket: ผักกาดแก้ว คัดสวย (นําเข้า)"
"เห็ดออรินจิ ขนาดเล็ก","","1","Freshket","75","1","2026-09-14","Freshket: เห็ดออรินจิ ขนาดเล็ก"
"แป้งมันสําปะหลัง ตราใบหยก","","1","Freshket","73","1","2026-07-20","Freshket: แป้งมันสําปะหลัง ตราใบหยก"
"แป้งสาลีอเนกประสงค์ ตราว่าว","","1","Freshket","71","1","2026-09-15","Freshket: แป้งสาลีอเนกประสงค์ ตราว่าว"
"เอ็นที ชุดช้อนตวงสแตนเลส 4 ขนาด","","1","GO","70","1","2026-06-09","GO: เอ็นที ชุดช้อนตวงสแตนเลส 4 ขนาด"
"ขมิ้น ผง 200 ก.","","1","GO","68","1","2026-07-04","GO: ขมิ้น ผง 200 ก."
"เซเลอรี่นอก 1 กก.","","1","GO","65","1","2026-06-29","GO: เซเลอรี่นอก 1 กก."
"ยอดมะพร้าวอ่อน","","1","Freshket","65","1","2026-08-10","Freshket: ยอดมะพร้าวอ่อน"
"ซีไอ เต้าหู้ขาว 200 ก.","","1","GO","63","1","2026-06-18","GO: ซีไอ เต้าหู้ขาว 200 ก."
"เอ ชอยซ์ เกล็ดขนมปัง 1 กก.","","1","GO","62","1","2026-06-29","GO: เอ ชอยซ์ เกล็ดขนมปัง 1 กก."
"ใบหยก แป้งข้าวจ้าว 1 กก.","","1","GO","62","1","2026-07-15","GO: ใบหยก แป้งข้าวจ้าว 1 กก."
"เกลือบริโภคเสริมไอโอดีน ตราปรุงทิพย์/เกลือปรุงทิพย์","","1","Freshket","61","1","2026-09-15","Freshket: เกลือบริโภคเสริมไอโอดีน ตราปรุงทิพย์/เกลือปรุงทิพย์"
"มะเขือยาว 1 กก.","","1","GO","59","1","2026-07-29","GO: มะเขือยาว 1 กก."
"เอ ชอยซ์ ถั่วลันเตาแช่แข็ง 1 กก.","","1","GO","59","1","2026-08-09","GO: เอ ชอยซ์ ถั่วลันเตาแช่แข็ง 1 กก."
"น้ำใจ พริกแกง พะแนง 500 ก.","","1","GO","58","1","2026-05-30","GO: น้ำใจ พริกแกง พะแนง 500 ก."
"เมจิ โยเกิร์ตไม่เติมน้ำตาล รสธรรมชาติ 135 ก. x 4","","1","GO","58","1","2026-08-02","GO: เมจิ โยเกิร์ตไม่เติมน้ำตาล รสธรรมชาติ 135 ก. x 4"
"เอ ชอยซ์ ซอสพริก 1,000 ก.","","1","GO","54","1","2026-06-27","GO: เอ ชอยซ์ ซอสพริก 1,000 ก."
"ดัชชี่ โพรไบโอติก โยเกิร์ต รสออริจินัล 125 ก. x 4","","1","GO","53","1","2026-08-09","GO: ดัชชี่ โพรไบโอติก โยเกิร์ต รสออริจินัล 125 ก. x 4"
"พริกแกงคัวกลิง","","1","Freshket","52","1","2026-09-05","Freshket: พริกแกงคัวกลิง"
"สาลี่น้ำผึ้ง 1 กก.","","1","GO","49","1","2026-07-14","GO: สาลี่น้ำผึ้ง 1 กก."
"มันหวาน ซิลค์สวีท แพ็ค 500 ก.","","1","GO","45","1","2026-07-23","GO: มันหวาน ซิลค์สวีท แพ็ค 500 ก."
"เต้าหู้ไข่ ตราเกษตร 5x105 กรัม/แพ็ค","","1","Freshket","44","1","2026-09-14","Freshket: เต้าหู้ไข่ ตราเกษตร 5x105 กรัม/แพ็ค"
"เอ ชอยซ์ น้ำส้มสายชูหมักข้าว 1 ล.","","1","GO","43","1","2026-08-11","GO: เอ ชอยซ์ น้ำส้มสายชูหมักข้าว 1 ล."
"แป้งข้าวเหนียว ตราใบหยก","","1","Freshket","43","1","2026-07-06","Freshket: แป้งข้าวเหนียว ตราใบหยก"
"สีผสมอาหาร (สีเขียวแอปเปิล) ตราวินเนอร์","","1","Freshket","41","2","2026-09-05","Freshket: สีผสมอาหาร (สีเขียวแอปเปิล) ตราวินเนอร์ | Freshket: สีผสมอาหาร (สีแดงส้ม) ตราวินเนอร์"
"ช้อนทอง เต้าหู้ไข่ไก่ 120 ก. x 5","","1","GO","40","1","2026-07-22","GO: ช้อนทอง เต้าหู้ไข่ไก่ 120 ก. x 5"
"บีทรูท","","1","Freshket","34","1","2026-08-20","Freshket: บีทรูท"
"มะละกอดิบ 1 กก.","","1","GO","29","1","2026-07-04","GO: มะละกอดิบ 1 กก."
"พริกเหลือง แพ็ค 100 ก.","","1","GO","29","1","2026-07-27","GO: พริกเหลือง แพ็ค 100 ก."
"กระชายฝอย แพ็ค 200 ก.","","1","GO","25","1","2026-07-19","GO: กระชายฝอย แพ็ค 200 ก."
"กระดูกข้อขาหมู 1 กก.","","1","GO","24","1","2026-08-05","GO: กระดูกข้อขาหมู 1 กก."
"กุยช่าย","","1","Freshket","23","1","2026-09-05","Freshket: กุยช่าย"
"ปวยเล้งนอก 200 ก.","","1","GO","20","1","2026-07-22","GO: ปวยเล้งนอก 200 ก."
"คะน้าขนาดกลาง","","1","Freshket","15","1","2026-07-01","Freshket: คะน้าขนาดกลาง"