"หมวด","วัตถุดิบ","กี่ SKU","ร้าน","สั่งกี่วัน","ทุกกี่วัน","ยอดรวม","ล่าสุด","ชื่อ SKU ทั้งหมด","รวมผิดไหม (เว้นว่าง=ถูก)"
"🍄 เห็ด","เอ ชอยซ์ เห็ดแชมปิญองสไลด์แช่แข็ง 1 กก. x 10","2","GO","5","18","2590","2026-08-10","GO: เอ ชอยซ์ เห็ดแชมปิญองสไลด์แช่แข็ง 1 กก. x 10 | GO: เอ ชอยซ์ เห็ดแชมปิญองสไลด์แช่แข็ง 1 กก.",""
"🍄 เห็ด","เห็ดออรินจินอก เล็ก แพ็ค 1 กก.","1","GO","20","3","1141","2026-08-10","GO: เห็ดออรินจินอก เล็ก แพ็ค 1 กก.",""
"🍄 เห็ด","เห็ดฟาง ดอกใหญ่ 1 กก.","2","GO+Freshket","4","21","785","2026-09-05","GO: เห็ดฟาง ดอกใหญ่ 1 กก. | Freshket: เห็ดฟาง ขนาดใหญ่",""
"🍄 เห็ด","เอ ชอยซ์ เห็ดหอม แห้ง ดอกเล็ก 500 ก.","1","GO","1","","420","2026-06-27","GO: เอ ชอยซ์ เห็ดหอม แห้ง ดอกเล็ก 500 ก.",""
"🍄 เห็ด","เห็ดชิเมจิดำ แพ็ค 1 กก.","1","GO","4","5","241","2026-06-20","GO: เห็ดชิเมจิดำ แพ็ค 1 กก.",""
"🍄 เห็ด","เห็ดหอมแห้งเล็ก ตราต้นตะวัน","1","Freshket","1","","210","2026-09-14","Freshket: เห็ดหอมแห้งเล็ก ตราต้นตะวัน",""
"🍄 เห็ด","เห็ดออรินจินอก ใหญ่ แพ็ค 1 กก.","1","GO","3","5","196","2026-06-06","GO: เห็ดออรินจินอก ใหญ่ แพ็ค 1 กก.",""
"🍄 เห็ด","เห็ดออรินจิ","2","Freshket","3","38","195","2026-09-15","Freshket: เห็ดออรินจิ | Freshket: เห็ดออรินจิ ขนาดเล็ก",""
"🍄 เห็ด","เด็กสมบูรณ์ ซีอิ๊วขาวเห็ดหอม 2,000 มล.","1","GO","1","","150","2026-05-30","GO: เด็กสมบูรณ์ ซีอิ๊วขาวเห็ดหอม 2,000 มล.",""
"🍄 เห็ด","เห็ดชิเมจิขาว แพ็ค 1 กก.","1","GO","1","","138","2026-08-10","GO: เห็ดชิเมจิขาว แพ็ค 1 กก.",""
"🍄 เห็ด","เห็ดแชมปิญองหันบางแช่แข็ง ตราเอโร่","1","Freshket","1","","109","2026-09-02","Freshket: เห็ดแชมปิญองหันบางแช่แข็ง ตราเอโร่",""
"🍄 เห็ด","เห็ดเข็มทอง แพ็ค 1 กก.","1","GO","2","14","102","2026-06-20","GO: เห็ดเข็มทอง แพ็ค 1 กก.",""
"🍎 ผลไม้","มันฝรั่งนอก 1 ลัง","3","GO","9","7","2068","2026-08-10","GO: มันฝรั่งนอก 1 ลัง | GO: มันฝรั่งนอก 1 กก. | GO: มันฝรั่งนอก แพ็ค 1 กก.",""
"🍎 ผลไม้","เอ ชอยซ์ น้ำมะนาวแช่แข็ง พันธุ์แป้น 1 กก.","1","GO","3","27","1650","2026-07-18","GO: เอ ชอยซ์ น้ำมะนาวแช่แข็ง พันธุ์แป้น 1 กก.",""
"🍎 ผลไม้","เลมอนนอก #88 1 ลูก","3","GO+Freshket","10","11","541","2026-09-15","GO: เลมอนนอก #88 1 ลูก | Freshket: มะนาวเลมอนนอก 4 ลูก/แพ็ค | Freshket: มะนาวเลมอนนอก 1 ลูก/แพ็ค",""
"🍎 ผลไม้","แวลู แพ็ค เม็ดมะม่วงหิมพานต์ดิบชนิดหักท่อน LP 1 กก.","1","GO","2","28","450","2026-07-16","GO: แวลู แพ็ค เม็ดมะม่วงหิมพานต์ดิบชนิดหักท่อน LP 1 กก.",""
"🍎 ผลไม้","แอปเปิลแดงฟูจิ 10 ลูก/แพ็ค","2","Freshket","3","38","244","2026-09-14","Freshket: แอปเปิลแดงฟูจิ 10 ลูก/แพ็ค | Freshket: แอปเปิลแดงฟูจิ เบอร์ 80 2 ลูก/แพ็ค",""
"🍎 ผลไม้","แอปเปิ้ลฟูจิ #113 แพ็ค 8 ลูก","1","GO","3","26","229","2026-07-22","GO: แอปเปิ้ลฟูจิ #113 แพ็ค 8 ลูก",""
"🍎 ผลไม้","สะระแหน่และผักชีฝรั่ง แพ็ค 150 ก.","1","GO","7","11","217","2026-08-11","GO: สะระแหน่และผักชีฝรั่ง แพ็ค 150 ก.",""
"🍎 ผลไม้","สาลี่ทอง 1 กก.","1","GO","4","20","196","2026-08-04","GO: สาลี่ทอง 1 กก.",""
"🍎 ผลไม้","ลูกพรุนอบแห้งพรีเมียม ตราเฮอริเทจ","1","Freshket","1","","196","2026-08-20","Freshket: ลูกพรุนอบแห้งพรีเมียม ตราเฮอริเทจ",""
"🍎 ผลไม้","เอ ชอยซ์ มะม่วงน้ำดอกไม้หั่นเต๋าแช่แข็ง 1 กก.","1","GO","1","","175","2026-07-11","GO: เอ ชอยซ์ มะม่วงน้ำดอกไม้หั่นเต๋าแช่แข็ง 1 กก.",""
"🍎 ผลไม้","อโวคาโดพันธุ์แฮชสุก (นําเข้า) 2 ลูก/แพ็ค","2","Freshket","2","2","175","2026-08-20","Freshket: อโวคาโดพันธุ์แฮชสุก (นําเข้า) 2 ลูก/แพ็ค | Freshket: อโวคาโดพันธุ์แฮชสุก (นําเข้า) 1 ลูก/แพ็ค",""
"🍎 ผลไม้","สับปะรดตราดสีทอง 1 ลูก","2","GO","4","24","172","2026-08-08","GO: สับปะรดตราดสีทอง 1 ลูก | GO: สับปะรดศรีราชา 1 ลูก",""
"🍎 ผลไม้","มะม่วงเปรียว (ตามฤดูกาล)","2","Freshket","2","2","171","2026-09-05","Freshket: มะม่วงเปรียว (ตามฤดูกาล) | Freshket: มะม่วงเปรียว (ตามฤดูกาล) คัดสวย",""
"🍎 ผลไม้","มะนาวแป้น แพ็ค 10 ลูก","1","GO","7","9","159","2026-08-06","GO: มะนาวแป้น แพ็ค 10 ลูก",""
"🍎 ผลไม้","ผักชีฝรั่ง แพ็ค 150 ก.","2","GO","4","10","144","2026-08-05","GO: ผักชีฝรั่ง แพ็ค 150 ก. | GO: ผักชีฝรั่ง ออร์แกนิค แพ็ค 150 ก.",""
"🍎 ผลไม้","มะละกอฮอลแลนด์สุก 1 กก./ลูก 1 ลูก/แพ็ค","1","Freshket","1","","130","2026-08-20","Freshket: มะละกอฮอลแลนด์สุก 1 กก./ลูก 1 ลูก/แพ็ค",""
"🍎 ผลไม้","หน่อไม้ฝรั่งเขียว แพ็ค 300 ก.","1","GO","2","24","120","2026-07-23","GO: หน่อไม้ฝรั่งเขียว แพ็ค 300 ก.",""
"🍎 ผลไม้","องุ่นแดงไร้เมล็ด จีน แพ็ค 800 ก.","1","GO","1","","119","2026-08-08","GO: องุ่นแดงไร้เมล็ด จีน แพ็ค 800 ก.",""
"🍎 ผลไม้","มะม่วงเขียวสามรส 1 กก.","1","GO","3","10","117","2026-06-28","GO: มะม่วงเขียวสามรส 1 กก.",""
"🍎 ผลไม้","สาลีน้าผึง","1","Freshket","2","7","114","2026-09-16","Freshket: สาลีน้าผึง",""
"🍎 ผลไม้","หน่อไม้ฝรั่ง ออร์แกนิค แพ็ค 300 ก.","1","GO","1","","89","2026-08-10","GO: หน่อไม้ฝรั่ง ออร์แกนิค แพ็ค 300 ก.",""
"🍎 ผลไม้","สับปะรดปัตตาเวีย ขนาด 800-1,000 กรัม/ลูก 1 ลูก/แพ็ค","1","Freshket","2","28","80","2026-08-17","Freshket: สับปะรดปัตตาเวีย ขนาด 800-1,000 กรัม/ลูก 1 ลูก/แพ็ค",""
"🍎 ผลไม้","กล้วยหอมสุก เบอร์กลาง 5 ลูก/แพ็ค","1","Freshket","1","","65","2026-07-01","Freshket: กล้วยหอมสุก เบอร์กลาง 5 ลูก/แพ็ค",""
"🍎 ผลไม้","สาลี่น้ำผึ้ง 1 กก.","1","GO","1","","49","2026-07-14","GO: สาลี่น้ำผึ้ง 1 กก.",""
"🍎 ผลไม้","กล้วยหอม 1 แพ็ค","1","GO","1","","32","2026-07-22","GO: กล้วยหอม 1 แพ็ค",""
"🍎 ผลไม้","มะละกอดิบ 1 กก.","1","GO","1","","29","2026-07-04","GO: มะละกอดิบ 1 กก.",""
"🍎 ผลไม้","สีผสมอาหาร (สีแดงส้ม) ตราวินเนอร์","1","Freshket","1","","23","2026-09-05","Freshket: สีผสมอาหาร (สีแดงส้ม) ตราวินเนอร์",""
"🍎 ผลไม้","สีผสมอาหาร (สีเขียวแอปเปิล) ตราวินเนอร์","1","Freshket","1","","18","2026-09-05","Freshket: สีผสมอาหาร (สีเขียวแอปเปิล) ตราวินเนอร์",""
"🍚 ข้าว/แป้ง/เส้น","แสนดี ข้าวไรซ์เบอร์รี่ 100% 5 กก.","1","GO","3","39","3708","2026-08-10","GO: แสนดี ข้าวไรซ์เบอร์รี่ 100% 5 กก.",""
"🍚 ข้าว/แป้ง/เส้น","คิง น้ำมันรำข้าว 5 ล.","1","GO","8","9","3090","2026-08-10","GO: คิง น้ำมันรำข้าว 5 ล.",""
"🍚 ข้าว/แป้ง/เส้น","มิชชั่น แผ่นแป้งรสดั้งเดิม 360 ก.","1","GO","3","2","2300","2026-06-04","GO: มิชชั่น แผ่นแป้งรสดั้งเดิม 360 ก.",""
"🍚 ข้าว/แป้ง/เส้น","ข้าว กข43 ตราฉัตรไลท์ 6 X","2","Freshket","2","28","1367","2026-09-08","Freshket: ข้าว กข43 ตราฉัตรไลท์ 6 X | Freshket: ข้าว กข43 ตราฉัตรไลท์",""
"🍚 ข้าว/แป้ง/เส้น","น้ามันรําข้าว ตราคิง","1","Freshket","3","15","995","2026-09-15","Freshket: น้ามันรําข้าว ตราคิง",""
"🍚 ข้าว/แป้ง/เส้น","แฮเพียว เลเวอร์ ซีซามี ออยล์ สาหร่ายอบแห้งปรุงรส รสน้ำมันงา 4 ก. x 16","1","GO","3","21","689","2026-08-02","GO: แฮเพียว เลเวอร์ ซีซามี ออยล์ สาหร่ายอบแห้งปรุงรส รสน้ำมันงา 4 ก. x 16",""
"🍚 ข้าว/แป้ง/เส้น","เบสท์ฟู้ดส์ สปาเก็ตตี้ 1 กก.","1","GO","2","5","553","2026-07-04","GO: เบสท์ฟู้ดส์ สปาเก็ตตี้ 1 กก.",""
"🍚 ข้าว/แป้ง/เส้น","ไวไว เส้นหมี่กึ่งสำเร็จรูปอบแห้ง 2,700 ก.","2","GO","3","18","527","2026-08-10","GO: ไวไว เส้นหมี่กึ่งสำเร็จรูปอบแห้ง 2,700 ก. | GO: ไวไว เส้นหมี่กึ่งสำเร็จรูปอบแห้ง 500 ก. x 3",""
"🍚 ข้าว/แป้ง/เส้น","เอ ชอยซ์ ถั่วลิสง 500 ก. x 10","2","GO","2","59","499","2026-08-01","GO: เอ ชอยซ์ ถั่วลิสง 500 ก. x 10 | GO: เอ ชอยซ์ ถั่วลิสง 1,000 ก.",""
"🍚 ข้าว/แป้ง/เส้น","แอคเนซี พาสต้า คาเปลลินี เบอร์ 1 500 ก.","1","GO","2","32","481","2026-06-29","GO: แอคเนซี พาสต้า คาเปลลินี เบอร์ 1 500 ก.",""
"🍚 ข้าว/แป้ง/เส้น","ควินัวขาว ออแกนิค ตรากรีนไล์ฟ 1 กิโลกรัม","1","Freshket","1","","395","2026-08-16","Freshket: ควินัวขาว ออแกนิค ตรากรีนไล์ฟ 1 กิโลกรัม",""
"🍚 ข้าว/แป้ง/เส้น","แผ่นเกียวจีน ตราเส้นเงิน","2","Freshket+GO","6","10","382","2026-08-24","Freshket: แผ่นเกียวจีน ตราเส้นเงิน | GO: เส้นเงิน แผ่นเกี๊ยวจีน 500 ก.",""
"🍚 ข้าว/แป้ง/เส้น","ทรีเลดี้ แผ่นแป้งปอเปี๊ยะเวียดนามวงกลม 22 ซม. 340 ก.","1","GO","2","21","366","2026-07-07","GO: ทรีเลดี้ แผ่นแป้งปอเปี๊ยะเวียดนามวงกลม 22 ซม. 340 ก.",""
"🍚 ข้าว/แป้ง/เส้น","เอ ชอยซ์ ข้าวเหนียว 5 กก.","1","GO","1","","330","2026-06-14","GO: เอ ชอยซ์ ข้าวเหนียว 5 กก.",""
"🍚 ข้าว/แป้ง/เส้น","เอ ชอยซ์ งาดำ 500 ก.","1","GO","2","42","300","2026-08-09","GO: เอ ชอยซ์ งาดำ 500 ก.",""
"🍚 ข้าว/แป้ง/เส้น","โมคิ บุกเส้นกลม 2 กก.","1","GO","2","14","294","2026-07-28","GO: โมคิ บุกเส้นกลม 2 กก.",""
"🍚 ข้าว/แป้ง/เส้น","ต้นสน วุ้นเส้นแห้ง แบบม้วน 80 ก. x 10","1","GO","1","","288","2026-07-18","GO: ต้นสน วุ้นเส้นแห้ง แบบม้วน 80 ก. x 10",""
"🍚 ข้าว/แป้ง/เส้น","แอคเนซี พาสต้า สปาเก็ตตี้ เบอร์ 3 500 ก.","1","GO","1","","284","2026-06-04","GO: แอคเนซี พาสต้า สปาเก็ตตี้ เบอร์ 3 500 ก.",""
"🍚 ข้าว/แป้ง/เส้น","บาบู ควีนัว 3 สี 450 ก.","1","GO","1","","275","2026-07-23","GO: บาบู ควีนัว 3 สี 450 ก.",""
"🍚 ข้าว/แป้ง/เส้น","เอ ชอยซ์ งาขาว 500 ก.","1","GO","2","42","268","2026-08-09","GO: เอ ชอยซ์ งาขาว 500 ก.",""
"🍚 ข้าว/แป้ง/เส้น","แสนดี ข้าวหอมมะลิ 100% 5 กก.","1","GO","1","","264","2026-07-27","GO: แสนดี ข้าวหอมมะลิ 100% 5 กก.",""
"🍚 ข้าว/แป้ง/เส้น","ต้นสน วุ้นเส้นแห้ง 500 ก.","1","GO","2","5","241","2026-08-06","GO: ต้นสน วุ้นเส้นแห้ง 500 ก.",""
"🍚 ข้าว/แป้ง/เส้น","แอคเนซี พาสต้า เอลิเก เบอร์ 56 500 ก.","1","GO","1","","228","2026-06-09","GO: แอคเนซี พาสต้า เอลิเก เบอร์ 56 500 ก.",""
"🍚 ข้าว/แป้ง/เส้น","คาอิโซ เส้นแก้ว ชนิดเส้นเล็ก 1 กก.","2","GO","2","12","228","2026-06-09","GO: คาอิโซ เส้นแก้ว ชนิดเส้นเล็ก 1 กก. | GO: คาอิโซ เส้นแก้ว ชนิดเส้นเล็ก 300 ก.",""
"🍚 ข้าว/แป้ง/เส้น","วุ้นเส้นแห้ง ตราต้นสน","1","Freshket","3","31","227","2026-09-05","Freshket: วุ้นเส้นแห้ง ตราต้นสน",""
"🍚 ข้าว/แป้ง/เส้น","ข้าวโพดอ่อนติดหมวก คัดสวย","2","Freshket","7","13","227","2026-09-15","Freshket: ข้าวโพดอ่อนติดหมวก คัดสวย | Freshket: ข้าวโพดอ่อนติดหมวก",""
"🍚 ข้าว/แป้ง/เส้น","ถัวฝักยาวเส้นผอมเรียว","1","Freshket","5","12","171","2026-09-05","Freshket: ถัวฝักยาวเส้นผอมเรียว",""
"🍚 ข้าว/แป้ง/เส้น","เส้นหมีอบแห้ง ตราไวไว","1","Freshket","1","","164","2026-09-02","Freshket: เส้นหมีอบแห้ง ตราไวไว",""
"🍚 ข้าว/แป้ง/เส้น","ทาเบรุ สาหร่ายแผ่นย่างตัดเส้น 100 ก.","1","GO","1","","145","2026-07-05","GO: ทาเบรุ สาหร่ายแผ่นย่างตัดเส้น 100 ก.",""
"🍚 ข้าว/แป้ง/เส้น","ข้าวโพดอ่อน แพ็ค 500 ก.","2","GO+Freshket","5","20","137","2026-08-19","GO: ข้าวโพดอ่อน แพ็ค 500 ก. | Freshket: ข้าวโพดอ่อนเปลือย",""
"🍚 ข้าว/แป้ง/เส้น","ออตติมา เส้นคาเปลลินี 500 ก.","1","GO","1","","135","2026-08-06","GO: ออตติมา เส้นคาเปลลินี 500 ก.",""
"🍚 ข้าว/แป้ง/เส้น","เส้นเงิน แผ่นเกี๊ยวจีน เจ 500 ก.","1","GO","1","","132","2026-06-07","GO: เส้นเงิน แผ่นเกี๊ยวจีน เจ 500 ก.",""
"🍚 ข้าว/แป้ง/เส้น","เอ ชอยซ์ เมล็ดข้าวโพดหวานแช่แข็ง 1 กก.","1","GO","1","","118","2026-07-23","GO: เอ ชอยซ์ เมล็ดข้าวโพดหวานแช่แข็ง 1 กก.",""
"🍚 ข้าว/แป้ง/เส้น","แม็กกาแรต ข้าวโอ๊ตละเอียด 1 กก.","1","GO","1","","110","2026-06-10","GO: แม็กกาแรต ข้าวโอ๊ตละเอียด 1 กก.",""
"🍚 ข้าว/แป้ง/เส้น","ช้างสามเศียร แป้งข้าวเหนียว 1 กก.","1","GO","1","","100","2026-07-23","GO: ช้างสามเศียร แป้งข้าวเหนียว 1 กก.",""
"🍚 ข้าว/แป้ง/เส้น","แป้งข้าวเจ้า ตราใบหยก","1","Freshket","2","61","98","2026-09-05","Freshket: แป้งข้าวเจ้า ตราใบหยก",""
"🍚 ข้าว/แป้ง/เส้น","ออตติมา เฟตตูชินี่ พาสต้า 500 ก.","1","GO","1","","98","2026-08-04","GO: ออตติมา เฟตตูชินี่ พาสต้า 500 ก.",""
"🍚 ข้าว/แป้ง/เส้น","ลูกเดือย 500 ก.","1","GO","1","","92","2026-06-09","GO: ลูกเดือย 500 ก.",""
"🍚 ข้าว/แป้ง/เส้น","ใบหยก แป้งมันสำปะหลัง 1 กก.","1","GO","1","","84","2026-08-11","GO: ใบหยก แป้งมันสำปะหลัง 1 กก.",""
"🍚 ข้าว/แป้ง/เส้น","คาอิโซ เส้นแก้ว 300 ก.","1","GO","1","","78","2026-07-23","GO: คาอิโซ เส้นแก้ว 300 ก.",""
"🍚 ข้าว/แป้ง/เส้น","แอคเนซี พาสต้า เพนเน่ ริกาเต้ เบอร์ 19 500 ก.","1","GO","1","","76","2026-08-01","GO: แอคเนซี พาสต้า เพนเน่ ริกาเต้ เบอร์ 19 500 ก.",""
"🍚 ข้าว/แป้ง/เส้น","แป้งมันสําปะหลัง ตราใบหยก","1","Freshket","1","","73","2026-07-20","Freshket: แป้งมันสําปะหลัง ตราใบหยก",""
"🍚 ข้าว/แป้ง/เส้น","แป้งสาลีอเนกประสงค์ ตราว่าว","1","Freshket","1","","71","2026-09-15","Freshket: แป้งสาลีอเนกประสงค์ ตราว่าว",""
"🍚 ข้าว/แป้ง/เส้น","เมล็ดข้าวโพดหวาน (แช่แข็ง)","1","Freshket","1","","69","2026-09-15","Freshket: เมล็ดข้าวโพดหวาน (แช่แข็ง)",""
"🍚 ข้าว/แป้ง/เส้น","ใบหยก แป้งข้าวจ้าว 1 กก.","1","GO","1","","62","2026-07-15","GO: ใบหยก แป้งข้าวจ้าว 1 กก.",""
"🍚 ข้าว/แป้ง/เส้น","เอ ชอยซ์ น้ำส้มสายชูหมักข้าว 1 ล.","1","GO","1","","43","2026-08-11","GO: เอ ชอยซ์ น้ำส้มสายชูหมักข้าว 1 ล.",""
"🍚 ข้าว/แป้ง/เส้น","แป้งข้าวเหนียว ตราใบหยก","1","Freshket","1","","43","2026-07-06","Freshket: แป้งข้าวเหนียว ตราใบหยก",""
"📦 ไม่ใช่วัตถุดิบ (บรรจุภัณฑ์/ของใช้)","เผือก ถุงใหญ่ 9.5-10.5 กก./แพ็ค","1","GO","1","","590","2026-06-10","GO: เผือก ถุงใหญ่ 9.5-10.5 กก./แพ็ค",""
"📦 ไม่ใช่วัตถุดิบ (บรรจุภัณฑ์/ของใช้)","เอ ชอยซ์ ถุงมือพลาสติกอเนกประสงค์ x 100","1","GO","3","30","585","2026-07-30","GO: เอ ชอยซ์ ถุงมือพลาสติกอเนกประสงค์ x 100",""
"📦 ไม่ใช่วัตถุดิบ (บรรจุภัณฑ์/ของใช้)","โปรเซฟ ผลิตภัณฑ์ล้างจาน 10 ล.","1","GO","1","","430","2026-06-01","GO: โปรเซฟ ผลิตภัณฑ์ล้างจาน 10 ล.",""
"📦 ไม่ใช่วัตถุดิบ (บรรจุภัณฑ์/ของใช้)","ซุปเปอร์เซฟ ถาดฟอยล์เหลี่ยม พร้อมฝาเบอร์ 4432-P 230 มล. x 10","1","GO","2","2","384","2026-08-02","GO: ซุปเปอร์เซฟ ถาดฟอยล์เหลี่ยม พร้อมฝาเบอร์ 4432-P 230 มล. x 10",""
"📦 ไม่ใช่วัตถุดิบ (บรรจุภัณฑ์/ของใช้)","ซุปเปอร์เซฟ ถุงขยะดำหนา 30 x 40 นิ้ว 1 กก.","2","GO","1","","316","2026-08-10","GO: ซุปเปอร์เซฟ ถุงขยะดำหนา 30 x 40 นิ้ว 1 กก. | GO: ซุปเปอร์เซฟ ถุงขยะดำหนา 36 x 45 นิ้ว 1 กก.",""
"📦 ไม่ใช่วัตถุดิบ (บรรจุภัณฑ์/ของใช้)","ซุปเปอร์เซฟ ฟิล์มยืดหุ้มห่ออาหาร 10 นิ้ว x 500 ม.","1","GO","1","","305","2026-06-04","GO: ซุปเปอร์เซฟ ฟิล์มยืดหุ้มห่ออาหาร 10 นิ้ว x 500 ม.",""
"📦 ไม่ใช่วัตถุดิบ (บรรจุภัณฑ์/ของใช้)","หัวไชเท้า ถุงใหญ่ แพ็ค 3 กก.","4","GO+Freshket","6","21","301","2026-09-14","GO: หัวไชเท้า ถุงใหญ่ แพ็ค 3 กก. | Freshket: หัวไชเท้า | GO: หัวไชเท้า 1 กก. | GO: หัวไชเท้า ถุงใหญ่ 2.5-3.5 กก./แพ็ค",""
"📦 ไม่ใช่วัตถุดิบ (บรรจุภัณฑ์/ของใช้)","ซุปเปอร์เซฟ ถุงเย็น HDPE 6 x 9 นิ้ว บรรจุ 1 กก.","2","GO","1","","278","2026-06-07","GO: ซุปเปอร์เซฟ ถุงเย็น HDPE 6 x 9 นิ้ว บรรจุ 1 กก. | GO: ซุปเปอร์เซฟ ถุงเย็น HDPE 12 x 18 นิ้ว บรรจุ 1 กก.",""
"📦 ไม่ใช่วัตถุดิบ (บรรจุภัณฑ์/ของใช้)","ซุปเปอร์เซฟ กระดาษอเนกประสงค์ 2 ชั้น แพ็ค 6+2","1","GO","2","20","270","2026-08-11","GO: ซุปเปอร์เซฟ กระดาษอเนกประสงค์ 2 ชั้น แพ็ค 6+2",""
"📦 ไม่ใช่วัตถุดิบ (บรรจุภัณฑ์/ของใช้)","ขึ้นฉ่าย ถุงใหญ่ 0.5-1.5 กก./แพ็ค","3","GO","4","17","226","2026-07-27","GO: ขึ้นฉ่าย ถุงใหญ่ 0.5-1.5 กก./แพ็ค | GO: ขึ้นฉ่าย แพ็ค 150 ก. | GO: ขึ้นฉ่าย ออร์แกนิค แพ็ค 150 ก.",""
"📦 ไม่ใช่วัตถุดิบ (บรรจุภัณฑ์/ของใช้)","ดาวน์นี่ น้ำยาปรับผ้านุ่มเข้มข้น ตากผ้าในร่ม 2,000 มล.","1","GO","1","","195","2026-06-03","GO: ดาวน์นี่ น้ำยาปรับผ้านุ่มเข้มข้น ตากผ้าในร่ม 2,000 มล.",""
"📦 ไม่ใช่วัตถุดิบ (บรรจุภัณฑ์/ของใช้)","ไดโน่ ม็อบล็อค ด้ามอลูมิเนียม 1.2 ม. พร้อมผ้าม็อบ 300 ก. 12 นิ้ว","1","GO","1","","195","2026-07-13","GO: ไดโน่ ม็อบล็อค ด้ามอลูมิเนียม 1.2 ม. พร้อมผ้าม็อบ 300 ก. 12 นิ้ว",""
"📦 ไม่ใช่วัตถุดิบ (บรรจุภัณฑ์/ของใช้)","กระดาษไขเคลือบพิเศษ 45 ซม. x 30 ม. 1 ชิน/กล่อง","1","Freshket","1","","164","2026-09-08","Freshket: กระดาษไขเคลือบพิเศษ 45 ซม. x 30 ม. 1 ชิน/กล่อง",""
"📦 ไม่ใช่วัตถุดิบ (บรรจุภัณฑ์/ของใช้)","วิม ผลิตภัณฑ์ทำความสะอาดห้องน้ำ สีเขียว 3,500 มล.","1","GO","1","","159","2026-06-03","GO: วิม ผลิตภัณฑ์ทำความสะอาดห้องน้ำ สีเขียว 3,500 มล.",""
"📦 ไม่ใช่วัตถุดิบ (บรรจุภัณฑ์/ของใช้)","วิซ ถูพื้น ทรีดี ชมพู 5,200 มล.","1","GO","1","","159","2026-06-09","GO: วิซ ถูพื้น ทรีดี ชมพู 5,200 มล.",""
"📦 ไม่ใช่วัตถุดิบ (บรรจุภัณฑ์/ของใช้)","น้ายาถูพืน กลินลิลลีบูเก้ ตรามาจิคลีน (สีชมพู)","1","Freshket","1","","158","2026-07-20","Freshket: น้ายาถูพืน กลินลิลลีบูเก้ ตรามาจิคลีน (สีชมพู)",""
"📦 ไม่ใช่วัตถุดิบ (บรรจุภัณฑ์/ของใช้)","สก๊อตช์-ไบรต์ แผ่นใยขัดพร้อมฟองน้ำ 3 x 4 นิ้ว x 12","1","GO","1","","155","2026-07-28","GO: สก๊อตช์-ไบรต์ แผ่นใยขัดพร้อมฟองน้ำ 3 x 4 นิ้ว x 12",""
"📦 ไม่ใช่วัตถุดิบ (บรรจุภัณฑ์/ของใช้)","ซันไลต์ ผลิตภัณฑ์ทำความสะอาดพื้น 3.8 ล.","1","GO","1","","149","2026-06-03","GO: ซันไลต์ ผลิตภัณฑ์ทำความสะอาดพื้น 3.8 ล.",""
"📦 ไม่ใช่วัตถุดิบ (บรรจุภัณฑ์/ของใช้)","ถุงม้วนปรุไฮเดนใส ตราซุปเปอร์เซฟ ขนาด 10X15 นิ้ว","1","GO","1","","119","2026-07-30","GO: ถุงม้วนปรุไฮเดนใส ตราซุปเปอร์เซฟ ขนาด 10X15 นิ้ว",""
"📦 ไม่ใช่วัตถุดิบ (บรรจุภัณฑ์/ของใช้)","ซูปเปอร์ แก๊สบิวเทน แก๊สกระป๋อง 250 ก. x 3","1","GO","1","","99","2026-05-28","GO: ซูปเปอร์ แก๊สบิวเทน แก๊สกระป๋อง 250 ก. x 3",""
"📦 ไม่ใช่วัตถุดิบ (บรรจุภัณฑ์/ของใช้)","ซุปเปอร์เซฟ ถุงมือพลาสติกสีฟ้า พีอี พับทีละ 2 ชิ้น","1","GO","1","","93","2026-06-21","GO: ซุปเปอร์เซฟ ถุงมือพลาสติกสีฟ้า พีอี พับทีละ 2 ชิ้น",""
"📦 ไม่ใช่วัตถุดิบ (บรรจุภัณฑ์/ของใช้)","ฟิกเกอร์ ตะหลิวไนลอน ทนร้อน 210 องศา สีดำ รุ่น NSP001","1","GO","1","","76","2026-06-09","GO: ฟิกเกอร์ ตะหลิวไนลอน ทนร้อน 210 องศา สีดำ รุ่น NSP001",""
"📦 ไม่ใช่วัตถุดิบ (บรรจุภัณฑ์/ของใช้)","เอ็นที ชุดช้อนตวงสแตนเลส 4 ขนาด","1","GO","1","","70","2026-06-09","GO: เอ็นที ชุดช้อนตวงสแตนเลส 4 ขนาด",""
"🥛 นม/เต้าหู้","ออร์คิด เนยเพียวบัตเตอร์จืด 2 กก.","1","GO","1","","798","2026-06-30","GO: ออร์คิด เนยเพียวบัตเตอร์จืด 2 กก.",""
"🥛 นม/เต้าหู้","นมยูเอชที รสจืด ตราโฟร์โมสต์ 12 x","1","Freshket","1","","639","2026-08-18","Freshket: นมยูเอชที รสจืด ตราโฟร์โมสต์ 12 x",""
"🥛 นม/เต้าหู้","โฟร์โมสต์ นมยูเอชที รสจืด 1,000 มล. x 12","1","GO","1","","600","2026-08-04","GO: โฟร์โมสต์ นมยูเอชที รสจืด 1,000 มล. x 12",""
"🥛 นม/เต้าหู้","เต้าหู้ขาวก้อนแข็ง 220-250 กรัม/ก้อน","1","Freshket","6","14","508","2026-09-13","Freshket: เต้าหู้ขาวก้อนแข็ง 220-250 กรัม/ก้อน",""
"🥛 นม/เต้าหู้","ขนมปังอาทิซาน ซาวโดวจ์ 300 ก.","1","GO","4","17","490","2026-08-09","GO: ขนมปังอาทิซาน ซาวโดวจ์ 300 ก.",""
"🥛 นม/เต้าหู้","คาซา รินัลดิ น้ำมันมะกอกธรรมชาติ เอ็กซ์ตร้าเวอร์จิ้น 1 ล.","1","GO","1","","490","2026-07-28","GO: คาซา รินัลดิ น้ำมันมะกอกธรรมชาติ เอ็กซ์ตร้าเวอร์จิ้น 1 ล.",""
"🥛 นม/เต้าหู้","ไทยเดนมาร์ค นมโคยูเอชที รสจืด 180 มล. x 36","1","GO","1","","358","2026-06-01","GO: ไทยเดนมาร์ค นมโคยูเอชที รสจืด 180 มล. x 36",""
"🥛 นม/เต้าหู้","คุณเฮง เต้าหู้ขาวแข็ง 150 ก.","1","GO","2","35","270","2026-08-02","GO: คุณเฮง เต้าหู้ขาวแข็ง 150 ก.",""
"🥛 นม/เต้าหู้","ลูยจลิโอ น้ำมันมะกอกบริสุทธิ์ 1 ล.","1","GO","1","","250","2026-07-26","GO: ลูยจลิโอ น้ำมันมะกอกบริสุทธิ์ 1 ล.",""
"🥛 นม/เต้าหู้","เอบีซี มอสซาเรลล่าเชดด้าชีสหั่นเต๋าแช่แข็ง 900 ก.","1","GO","1","","235","2026-08-01","GO: เอบีซี มอสซาเรลล่าเชดด้าชีสหั่นเต๋าแช่แข็ง 900 ก.",""
"🥛 นม/เต้าหู้","แองเคอร์ แดรี่วิปปิ้งครีม 1 ล.","1","GO","1","","229","2026-06-09","GO: แองเคอร์ แดรี่วิปปิ้งครีม 1 ล.",""
"🥛 นม/เต้าหู้","ขนมปังฝรังเศส บาแกตต์ (แช่แข็ง) ตราดุสิต 4 ชิน/แพ็ค","1","Freshket","1","","220","2026-09-15","Freshket: ขนมปังฝรังเศส บาแกตต์ (แช่แข็ง) ตราดุสิต 4 ชิน/แพ็ค",""
"🥛 นม/เต้าหู้","แมกโนเลีย แดรี่วิปปิ้งครีม 946 มล.","1","GO","1","","195","2026-08-04","GO: แมกโนเลีย แดรี่วิปปิ้งครีม 946 มล.",""
"🥛 นม/เต้าหู้","ฟองฟอง ฟองเต้าหู้แท่ง 500 ก.","1","GO","1","","129","2026-06-09","GO: ฟองฟอง ฟองเต้าหู้แท่ง 500 ก.",""
"🥛 นม/เต้าหู้","เจ้ควิก เต้าหู้ขาว 180 ก.","1","GO","3","3","126","2026-07-27","GO: เจ้ควิก เต้าหู้ขาว 180 ก.",""
"🥛 นม/เต้าหู้","ค้อตเตจชีส ตราออลลี","1","Freshket","1","","121","2026-09-13","Freshket: ค้อตเตจชีส ตราออลลี",""
"🥛 นม/เต้าหู้","เมจิ โยเกิร์ตไม่มีไขมันรสออริจินัล 135 ก. x 4","1","GO","2","12","116","2026-07-21","GO: เมจิ โยเกิร์ตไม่มีไขมันรสออริจินัล 135 ก. x 4",""
"🥛 นม/เต้าหู้","น้ายาล้างจาน กลินมะนาว ตราเซพแพ็ค","1","Freshket","1","","92","2026-08-19","Freshket: น้ายาล้างจาน กลินมะนาว ตราเซพแพ็ค",""
"🥛 นม/เต้าหู้","ซีไอ เต้าหู้ขาว 200 ก.","1","GO","1","","63","2026-06-18","GO: ซีไอ เต้าหู้ขาว 200 ก.",""
"🥛 นม/เต้าหู้","เอ ชอยซ์ เกล็ดขนมปัง 1 กก.","1","GO","1","","62","2026-06-29","GO: เอ ชอยซ์ เกล็ดขนมปัง 1 กก.",""
"🥛 นม/เต้าหู้","เมจิ โยเกิร์ตไม่เติมน้ำตาล รสธรรมชาติ 135 ก. x 4","1","GO","1","","58","2026-08-02","GO: เมจิ โยเกิร์ตไม่เติมน้ำตาล รสธรรมชาติ 135 ก. x 4",""
"🥛 นม/เต้าหู้","ดัชชี่ โพรไบโอติก โยเกิร์ต รสออริจินัล 125 ก. x 4","1","GO","1","","53","2026-08-09","GO: ดัชชี่ โพรไบโอติก โยเกิร์ต รสออริจินัล 125 ก. x 4",""
"🥩 เนื้อสัตว์/ไข่","สันในหมู","3","Freshket+GO","31","3","29248","2026-09-16","Freshket: สันในหมู | GO: สันในหมู 1 กก. | Freshket: สันในหมู (แช่แข็ง)",""
"🥩 เนื้อสัตว์/ไข่","อกไก่เนื้อล้วนติดหนัง 1 กก.","2","GO+Freshket","34","3","24430","2026-09-16","GO: อกไก่เนื้อล้วนติดหนัง 1 กก. | Freshket: อกไก่ติดหนัง",""
"🥩 เนื้อสัตว์/ไข่","แอตแลนติกแซลมอนแล่แช่แข็ง (TRIM-C) 1 กก.","1","GO","5","17","18138","2026-08-01","GO: แอตแลนติกแซลมอนแล่แช่แข็ง (TRIM-C) 1 กก.",""
"🥩 เนื้อสัตว์/ไข่","สะโพกไก่ติดกระดูก 1 กก.","2","GO+Freshket","13","7","8409","2026-09-07","GO: สะโพกไก่ติดกระดูก 1 กก. | Freshket: สะโพกไก่",""
"🥩 เนื้อสัตว์/ไข่","โคโฮแซลมอนแล่แช่แข็ง (Trim-C) 0.8-2.0 กก./แพ็ค","1","GO","1","","6020","2026-08-05","GO: โคโฮแซลมอนแล่แช่แข็ง (Trim-C) 0.8-2.0 กก./แพ็ค",""
"🥩 เนื้อสัตว์/ไข่","เอ ชอยซ์ ไข่ไก่คละ เบอร์ 3-4 มีฝา x 30","1","GO","8","5","4525","2026-08-06","GO: เอ ชอยซ์ ไข่ไก่คละ เบอร์ 3-4 มีฝา x 30",""
"🥩 เนื้อสัตว์/ไข่","ไข่ไก่ คละเบอร์ 3-4 ไม่มีฝา 30 ฟอง x 5","4","GO+Freshket","8","15","4059","2026-09-09","GO: ไข่ไก่ คละเบอร์ 3-4 ไม่มีฝา 30 ฟอง x 5 | GO: ไข่ไก่ เบอร์ 3 ไม่มีฝา 30 ฟอง x 5 | Freshket: ไข่ไก่ คละเบอร์ 3-4 ไม่มีฝา 3 x | Freshket: ไข่ไก่ เบอร์ 4 ไม่มีฝา 3 x",""
"🥩 เนื้อสัตว์/ไข่","เนื้อแดงวัวบด 1 กก.","1","GO","6","15","3770","2026-08-10","GO: เนื้อแดงวัวบด 1 กก.",""
"🥩 เนื้อสัตว์/ไข่","ปลาซาบะแล่แช่แข็ง 1 กก. x 10","2","GO","2","70","2875","2026-08-11","GO: ปลาซาบะแล่แช่แข็ง 1 กก. x 10 | GO: ปลาซาบะแล่แช่แข็ง แพ็ค 1 กก.",""
"🥩 เนื้อสัตว์/ไข่","ปลาทูอินเดียแช่แข็ง ขนาด 4-6 ตัว/กก. แพ็ค 1 กก. x 10","3","GO","3","19","2232","2026-07-14","GO: ปลาทูอินเดียแช่แข็ง ขนาด 4-6 ตัว/กก. แพ็ค 1 กก. x 10 | GO: ปลาทูอินเดียแช่แข็ง ขนาด 6-8 ตัว/กก. แพ็ค 1 กก. | GO: ปลาทูอินเดียแช่แข็ง ขนาด 4-6 ตัว/กก. แพ็ค 1 กก.",""
"🥩 เนื้อสัตว์/ไข่","เอ ชอยซ์ เนื้อทูน่าซากุ 1 กก.","1","GO","1","","1947","2026-08-09","GO: เอ ชอยซ์ เนื้อทูน่าซากุ 1 กก.",""
"🥩 เนื้อสัตว์/ไข่","เนื้อทูน่าซากุแช่แข็ง ขนาด 500 ก.","1","GO","1","","1600","2026-05-26","GO: เนื้อทูน่าซากุแช่แข็ง ขนาด 500 ก.",""
"🥩 เนื้อสัตว์/ไข่","ซีเล็ค ฟิตต์ ทูน่าสเต็กในน้ำเกลือ 1,885 ก.","1","GO","4","19","1598","2026-08-04","GO: ซีเล็ค ฟิตต์ ทูน่าสเต็กในน้ำเกลือ 1,885 ก.",""
"🥩 เนื้อสัตว์/ไข่","เคซีเอฟ ไข่แดงเค็ม x 25","1","GO","5","16","1493","2026-08-08","GO: เคซีเอฟ ไข่แดงเค็ม x 25",""
"🥩 เนื้อสัตว์/ไข่","ปลาทูนึ่ง 2 ตัว","2","GO","3","20","938","2026-08-06","GO: ปลาทูนึ่ง 2 ตัว | GO: ปลาทูนึ่ง 4 ตัว ขนาด 8-10 ตัว/กก. 1 แพ็ค",""
"🥩 เนื้อสัตว์/ไข่","ทูน่าสเต็ก ในน้าเกลือ ตราซีเล็คฟิตต์","1","Freshket","3","22","888","2026-09-02","Freshket: ทูน่าสเต็ก ในน้าเกลือ ตราซีเล็คฟิตต์",""
"🥩 เนื้อสัตว์/ไข่","กุนเชียงหมู ตราเจ๊หงษ์","2","Freshket","3","32","781","2026-09-16","Freshket: กุนเชียงหมู ตราเจ๊หงษ์ | Freshket: กุนเชียงหมู ตราเจ๊เล็ก",""
"🥩 เนื้อสัตว์/ไข่","ซีโครงหมูหันชิน","2","Freshket+GO","3","48","613","2026-09-14","Freshket: ซีโครงหมูหันชิน | GO: ซี่โครงหมูหั่นชิ้น 1 กก.",""
"🥩 เนื้อสัตว์/ไข่","กุ้งแห้งจืด","1","Freshket","1","","514","2026-08-10","Freshket: กุ้งแห้งจืด",""
"🥩 เนื้อสัตว์/ไข่","คานิแฟมิลี่ ปูอัดแท่ง 500 ก.","1","GO","4","16","485","2026-08-09","GO: คานิแฟมิลี่ ปูอัดแท่ง 500 ก.",""
"🥩 เนื้อสัตว์/ไข่","บ้านไผ่ กุนเชียงเชือกฟ้า 125 ก. x 3","1","GO","1","","405","2026-06-03","GO: บ้านไผ่ กุนเชียงเชือกฟ้า 125 ก. x 3",""
"🥩 เนื้อสัตว์/ไข่","คนแบกกุ้ง น้ำปลา 4,500 มล.","1","GO","2","18","346","2026-06-25","GO: คนแบกกุ้ง น้ำปลา 4,500 มล.",""
"🥩 เนื้อสัตว์/ไข่","เนื้อลูกมะพร้าววัวออสเตรเลียบด ขนาด 300-500 ก./แพ็ค","1","GO","1","","332","2026-07-14","GO: เนื้อลูกมะพร้าววัวออสเตรเลียบด ขนาด 300-500 ก./แพ็ค",""
"🥩 เนื้อสัตว์/ไข่","ตับไก่ 1 กก.","2","GO+Freshket","3","48","323","2026-09-14","GO: ตับไก่ 1 กก. | Freshket: ตับไก่ ตราเบทาโกร (แช่แข็ง)",""
"🥩 เนื้อสัตว์/ไข่","คิงมารีนฟู้ดส์ ไข่ปลาเคปปลินเอบิโกะปรุงรสสีส้มแช่แข็ง 500 ก.","1","GO","1","","255","2026-07-19","GO: คิงมารีนฟู้ดส์ ไข่ปลาเคปปลินเอบิโกะปรุงรสสีส้มแช่แข็ง 500 ก.",""
"🥩 เนื้อสัตว์/ไข่","ทิพรส น้ำปลา 4,500 มล.","1","GO","1","","192","2026-07-27","GO: ทิพรส น้ำปลา 4,500 มล.",""
"🥩 เนื้อสัตว์/ไข่","พรวิภา กุนเชียงหมู 8 นิ้ว ผูกเชือก 1 กก.","1","GO","1","","190","2026-08-03","GO: พรวิภา กุนเชียงหมู 8 นิ้ว ผูกเชือก 1 กก.",""
"🥩 เนื้อสัตว์/ไข่","โลโบ ผงทำหมูแดง 100 ก. x 6","1","GO","1","","170","2026-06-20","GO: โลโบ ผงทำหมูแดง 100 ก. x 6",""
"🥩 เนื้อสัตว์/ไข่","ทูน่าแซนวิชในน้าเกลือ ตราซีเล็คฟิตต์ 4 x","1","Freshket","1","","154","2026-08-20","Freshket: ทูน่าแซนวิชในน้าเกลือ ตราซีเล็คฟิตต์ 4 x",""
"🥩 เนื้อสัตว์/ไข่","เพนเน่ พาสต้า/พาสต้ารูปหลอดปลายตัดเฉียง ตราซาน เรโม เบอร์ 18","1","Freshket","1","","129","2026-08-16","Freshket: เพนเน่ พาสต้า/พาสต้ารูปหลอดปลายตัดเฉียง ตราซาน เรโม เบอร์ 18",""
"🥩 เนื้อสัตว์/ไข่","ผงทําข้าวหมกไก่ ตราโลโบ","1","Freshket","1","","120","2026-08-12","Freshket: ผงทําข้าวหมกไก่ ตราโลโบ",""
"🥩 เนื้อสัตว์/ไข่","กระดูกซุปหมู 1 กก.","1","GO","2","11","104","2026-08-02","GO: กระดูกซุปหมู 1 กก.",""
"🥩 เนื้อสัตว์/ไข่","เลือดหมูแบบหลอด ตราเบทาโกร 6x210 กรัม/แพ็ค","1","Freshket","1","","102","2026-09-14","Freshket: เลือดหมูแบบหลอด ตราเบทาโกร 6x210 กรัม/แพ็ค",""
"🥩 เนื้อสัตว์/ไข่","เคซีเอฟ ไข่เค็มต้ม แพ็ค 4 ฟอง","1","GO","1","","82","2026-08-08","GO: เคซีเอฟ ไข่เค็มต้ม แพ็ค 4 ฟอง",""
"🥩 เนื้อสัตว์/ไข่","เต้าหู้ไข่ ตราเกษตร 5x105 กรัม/แพ็ค","1","Freshket","1","","44","2026-09-14","Freshket: เต้าหู้ไข่ ตราเกษตร 5x105 กรัม/แพ็ค",""
"🥩 เนื้อสัตว์/ไข่","ช้อนทอง เต้าหู้ไข่ไก่ 120 ก. x 5","1","GO","1","","40","2026-07-22","GO: ช้อนทอง เต้าหู้ไข่ไก่ 120 ก. x 5",""
"🥩 เนื้อสัตว์/ไข่","กระดูกข้อขาหมู 1 กก.","1","GO","1","","24","2026-08-05","GO: กระดูกข้อขาหมู 1 กก.",""
"🥫 ของแห้ง/กระป๋อง/ของถนอม","จริงใจ แปะก๊วยต้มสุกในน้ำเชื่อม 500 ก.","1","GO","4","23","765","2026-08-04","GO: จริงใจ แปะก๊วยต้มสุกในน้ำเชื่อม 500 ก.",""
"🥫 ของแห้ง/กระป๋อง/ของถนอม","โกริโกะ สาหร่ายแผ่น เกรดเอ 115 ก.","1","GO","2","6","440","2026-07-11","GO: โกริโกะ สาหร่ายแผ่น เกรดเอ 115 ก.",""
"🥫 ของแห้ง/กระป๋อง/ของถนอม","ตราชั่ง กะปิ 185 ก. x 6","1","GO","1","","355","2026-07-14","GO: ตราชั่ง กะปิ 185 ก. x 6",""
"🥫 ของแห้ง/กระป๋อง/ของถนอม","เอชอยซ์ สาหร่ายวากาเมะ 220 ก.","1","GO","2","31","353","2026-08-05","GO: เอชอยซ์ สาหร่ายวากาเมะ 220 ก.",""
"🥫 ของแห้ง/กระป๋อง/ของถนอม","เม็ดบัว แห้ง 500 ก.","1","GO","1","","250","2026-06-06","GO: เม็ดบัว แห้ง 500 ก.",""
"🥫 ของแห้ง/กระป๋อง/ของถนอม","สาหร่ายทะเลย่าง ตราทาเบรุ","1","Freshket","1","","239","2026-08-20","Freshket: สาหร่ายทะเลย่าง ตราทาเบรุ",""
"🥫 ของแห้ง/กระป๋อง/ของถนอม","แครนเบอร์รีซอร์พต์มอยท์ ตราเฮอริเทจ","1","Freshket","1","","231","2026-09-03","Freshket: แครนเบอร์รีซอร์พต์มอยท์ ตราเฮอริเทจ",""
"🥫 ของแห้ง/กระป๋อง/ของถนอม","ไทยฮันนี่ น้ำผึ้งดอกไม้ป่าขนาด 1,000 ก.","1","GO","1","","210","2026-06-25","GO: ไทยฮันนี่ น้ำผึ้งดอกไม้ป่าขนาด 1,000 ก.",""
"🥫 ของแห้ง/กระป๋อง/ของถนอม","เฮอริเทจ แครนเบอร์รี่ ซอฟแอนด์มอยส์ 500 ก.","1","GO","1","","210","2026-07-09","GO: เฮอริเทจ แครนเบอร์รี่ ซอฟแอนด์มอยส์ 500 ก.",""
"🥫 ของแห้ง/กระป๋อง/ของถนอม","เครสโป มะกอกดำ ไม่มีเมล็ด 387 ก.","1","GO","2","54","209","2026-08-04","GO: เครสโป มะกอกดำ ไม่มีเมล็ด 387 ก.",""
"🥫 ของแห้ง/กระป๋อง/ของถนอม","สุราปรุงอาหารเสียวเฮงฮวยเตียว (เหล้าจีน) ตราเจดีย์","1","Freshket","1","","196","2026-07-18","Freshket: สุราปรุงอาหารเสียวเฮงฮวยเตียว (เหล้าจีน) ตราเจดีย์",""
"🥫 ของแห้ง/กระป๋อง/ของถนอม","เอ ชอยซ์ เกาลัดแกะเปลือกแช่แข็ง 1 กก.","1","GO","1","","189","2026-05-27","GO: เอ ชอยซ์ เกาลัดแกะเปลือกแช่แข็ง 1 กก.",""
"🥫 ของแห้ง/กระป๋อง/ของถนอม","น้าผึงเกสรดอกลําไย ตราดอยคํา","1","Freshket","1","","188","2026-09-02","Freshket: น้าผึงเกสรดอกลําไย ตราดอยคํา",""
"🥫 ของแห้ง/กระป๋อง/ของถนอม","เอ็มบอร์ก วิปแอนด์คุก 1 กก.","1","GO","1","","170","2026-07-16","GO: เอ็มบอร์ก วิปแอนด์คุก 1 กก.",""
"🥫 ของแห้ง/กระป๋อง/ของถนอม","เอ ชอยซ์ แครนเบอร์รี่แช่แข็ง 1 กก.","1","GO","1","","149","2026-08-02","GO: เอ ชอยซ์ แครนเบอร์รี่แช่แข็ง 1 กก.",""
"🥫 ของแห้ง/กระป๋อง/ของถนอม","จังกึม กิมจิ 1 กก.","1","GO","1","","145","2026-08-06","GO: จังกึม กิมจิ 1 กก.",""
"🥫 ของแห้ง/กระป๋อง/ของถนอม","เอ็มบอร์ก เกรทเต็ดพาเมซาน 100 ก.","1","GO","1","","119","2026-07-16","GO: เอ็มบอร์ก เกรทเต็ดพาเมซาน 100 ก.",""
"🥫 ของแห้ง/กระป๋อง/ของถนอม","สาหร่ายทะเลแห้ง 100 ก.","1","GO","1","","95","2026-07-13","GO: สาหร่ายทะเลแห้ง 100 ก.",""
"🥫 ของแห้ง/กระป๋อง/ของถนอม","ถัวลิสงมีเยือหุ้ม ตราไร่ทิพย์ (ห่อสีน้าเงิน)","1","Freshket","1","","92","2026-09-05","Freshket: ถัวลิสงมีเยือหุ้ม ตราไร่ทิพย์ (ห่อสีน้าเงิน)",""
"🥫 ของแห้ง/กระป๋อง/ของถนอม","ทาเบรุ สาหร่ายทะเลวากาเมะอบแห้ง 100 ก.","1","GO","1","","90","2026-06-21","GO: ทาเบรุ สาหร่ายทะเลวากาเมะอบแห้ง 100 ก.",""
"🥫 ของแห้ง/กระป๋อง/ของถนอม","ทาเบรุ สาหร่ายทะเลคอมบุอบแห้ง 100 ก.","1","GO","1","","88","2026-07-13","GO: ทาเบรุ สาหร่ายทะเลคอมบุอบแห้ง 100 ก.",""
"🥬 ผัก/สมุนไพร","บรอกโคลีนอก 1 ลัง","1","GO","14","6","6830","2026-08-10","GO: บรอกโคลีนอก 1 ลัง",""
"🥬 ผัก/สมุนไพร","กระเทียมจีน แกะกลีบคละไซส์ ยกกระสอบ 5 กก.","3","GO+Freshket","8","15","2311","2026-09-05","GO: กระเทียมจีน แกะกลีบคละไซส์ ยกกระสอบ 5 กก. | GO: กระเทียมจีน แกะกลีบคละไซส์ แพ็ค 1 กก. | Freshket: กระเทียมจีนปอกเปลือก",""
"🥬 ผัก/สมุนไพร","แครอทนอก 1 ลัง","2","GO+Freshket","17","7","2260","2026-09-16","GO: แครอทนอก 1 ลัง | Freshket: แครอท",""
"🥬 ผัก/สมุนไพร","มะเขือเทศราชินี 1 กก.","2","GO","20","4","2120","2026-08-06","GO: มะเขือเทศราชินี 1 กก. | GO: มะเขือเทศราชินี ออร์แกนิค แพ็ค 300 ก.",""
"🥬 ผัก/สมุนไพร","หอมใหญ่นอก ยกกระสอบ 10 กก.","2","GO","7","8","1880","2026-08-06","GO: หอมใหญ่นอก ยกกระสอบ 10 กก. | GO: หอมใหญ่นอก ยกกระสอบ 5 กก.",""
"🥬 ผัก/สมุนไพร","ผักกาดขาวปลี ถุงใหญ่ 4.5-5.5 กก./แพ็ค","3","GO+Freshket","13","10","1783","2026-09-16","GO: ผักกาดขาวปลี ถุงใหญ่ 4.5-5.5 กก./แพ็ค | Freshket: ผักกาดขาว | GO: ผักกาดขาวปลี 1 กก.",""
"🥬 ผัก/สมุนไพร","ผักชี ถุงใหญ่ 0.5-1.5 กก./แพ็ค","2","GO","15","5","1636","2026-08-11","GO: ผักชี ถุงใหญ่ 0.5-1.5 กก./แพ็ค | GO: ผักชี แพ็ค 150 ก.",""
"🥬 ผัก/สมุนไพร","แตงกวาญี่ปุ่น 1 กก.","3","GO+Freshket","17","6","1528","2026-09-01","GO: แตงกวาญี่ปุ่น 1 กก. | GO: แตงกวาญี่ปุ่น ถุงใหญ่ 2.5-3.5 กก./แพ็ค | Freshket: แตงกวาญี่ปุน",""
"🥬 ผัก/สมุนไพร","มะเขือเทศท้อ ถุงใหญ่ 2.5-3.5 กก./แพ็ค","3","GO+Freshket","16","8","1482","2026-09-15","GO: มะเขือเทศท้อ ถุงใหญ่ 2.5-3.5 กก./แพ็ค | GO: มะเขือเทศท้อ 1 กก. | Freshket: มะเขือเทศท้อ",""
"🥬 ผัก/สมุนไพร","หอมแดง มัดจุก แพ็ค 1 กก.","3","GO+Freshket","14","8","1386","2026-09-15","GO: หอมแดง มัดจุก แพ็ค 1 กก. | Freshket: หอมแดง ตัดจุก ไม่ปอกเปลือก | GO: หอมแดง ตัดจุก แพ็ค 1 กก.",""
"🥬 ผัก/สมุนไพร","พริกยักษ์ 3 สี แพ็ค 6 ลูก","3","GO+Freshket","12","9","1265","2026-09-12","GO: พริกยักษ์ 3 สี แพ็ค 6 ลูก | Freshket: พริกยักษ์ คละสี | Freshket: พริกยักษ์ คละสี 3 ลูก/แพ็ค",""
"🥬 ผัก/สมุนไพร","ดอกกะหล่ำขาวจีน 1 กก.","1","GO","17","4","1128","2026-08-06","GO: ดอกกะหล่ำขาวจีน 1 กก.",""
"🥬 ผัก/สมุนไพร","ผักคอสนอก แพ็ค 500 ก.","2","GO","14","5","913","2026-08-04","GO: ผักคอสนอก แพ็ค 500 ก. | GO: ผักคอสนอก ถุงใหญ่ 2 กก.",""
"🥬 ผัก/สมุนไพร","หน่อไม้ฝรัง","1","Freshket","7","9","904","2026-09-06","Freshket: หน่อไม้ฝรัง",""
"🥬 ผัก/สมุนไพร","พริกยักษ์สีแดง 1 กก.","1","GO","6","7","903","2026-08-11","GO: พริกยักษ์สีแดง 1 กก.",""
"🥬 ผัก/สมุนไพร","พริกขี้หนูสวน แพ็ค 300 ก.","5","GO+Freshket","13","8","707","2026-09-16","GO: พริกขี้หนูสวน แพ็ค 300 ก. | GO: พริกขี้หนูสวน ถุงใหญ่ 0.5-1.5 กก./แพ็ค | GO: พริกขี้หนูสวนเด็ดก้าน แพ็ค 100 ก. | Freshket: พริกขีหนูสวน | Freshket: พริกขีหนูสวนกลาง คัดสวย",""
"🥬 ผัก/สมุนไพร","เอ ชอยซ์ ใบผักโขมแบบก้อนแช่แข็ง 1 กก.","1","GO","3","20","601","2026-07-26","GO: เอ ชอยซ์ ใบผักโขมแบบก้อนแช่แข็ง 1 กก.",""
"🥬 ผัก/สมุนไพร","ต้นหอม แพ็ค 150 ก.","1","GO","16","5","589","2026-08-11","GO: ต้นหอม แพ็ค 150 ก.",""
"🥬 ผัก/สมุนไพร","กระเทียมจีน แกะกลีบใหญ่ ยกกระสอบ 5 กก.","1","GO","2","2","550","2026-06-27","GO: กระเทียมจีน แกะกลีบใหญ่ ยกกระสอบ 5 กก.",""
"🥬 ผัก/สมุนไพร","หอมหัวใหญ่","1","Freshket","2","14","550","2026-09-15","Freshket: หอมหัวใหญ่",""
"🥬 ผัก/สมุนไพร","ซิลค์สวีท มันหวาน ยกลัง 500 ก. x 8","1","GO","2","14","520","2026-06-16","GO: ซิลค์สวีท มันหวาน ยกลัง 500 ก. x 8",""
"🥬 ผัก/สมุนไพร","ใบโหระพา แพ็ค 150 ก.","3","GO+Freshket","16","7","466","2026-09-15","GO: ใบโหระพา แพ็ค 150 ก. | GO: ใบโหระพา ถุงใหญ่ 0.5-1.5 กก./แพ็ค | Freshket: โหระพา",""
"🥬 ผัก/สมุนไพร","กะหล่ำปลี ถุงใหญ่ 4.5-5.5 กก./แพ็ค","2","GO","7","10","455","2026-07-29","GO: กะหล่ำปลี ถุงใหญ่ 4.5-5.5 กก./แพ็ค | GO: กะหล่ำปลี 1 กก.",""
"🥬 ผัก/สมุนไพร","ถั่วฝักยาว แพ็ค 500 ก.","2","GO+Freshket","10","11","436","2026-09-09","GO: ถั่วฝักยาว แพ็ค 500 ก. | Freshket: ถัวฝักยาว",""
"🥬 ผัก/สมุนไพร","พริกขี้หนูแดง แพ็ค 300 ก.","3","GO","10","7","403","2026-08-08","GO: พริกขี้หนูแดง แพ็ค 300 ก. | GO: พริกขี้หนูแดง ถุงใหญ่ 0.5-1.5 กก./แพ็ค | GO: พริกขี้หนูแดง แพ็ค 100 ก.",""
"🥬 ผัก/สมุนไพร","มะเขือเทศราชินีไทย","1","Freshket","3","17","385","2026-09-15","Freshket: มะเขือเทศราชินีไทย",""
"🥬 ผัก/สมุนไพร","หอมใหญ่ไทย 1 กระสอบ","3","GO","3","2","360","2026-05-31","GO: หอมใหญ่ไทย 1 กระสอบ | GO: หอมใหญ่ไทย แพ็ค 1 กก. | GO: หอมใหญ่ไทย ยกกระสอบ 5 กก.",""
"🥬 ผัก/สมุนไพร","บวบเหลี่ยม 1 กก.","2","GO+Freshket","7","13","344","2026-09-14","GO: บวบเหลี่ยม 1 กก. | Freshket: บวบเหลียม หันท่อน",""
"🥬 ผัก/สมุนไพร","พริกหนุ่ม ถุงใหญ่ 0.5-1.5 กก./แพ็ค","3","GO+Freshket","7","14","332","2026-09-05","GO: พริกหนุ่ม ถุงใหญ่ 0.5-1.5 กก./แพ็ค | Freshket: พริกหนุ่ม | GO: พริกหนุ่ม แพ็ค 300 ก.",""
"🥬 ผัก/สมุนไพร","มะเขือเปราะ แพ็ค 500 ก.","3","GO+Freshket","8","11","323","2026-09-07","GO: มะเขือเปราะ แพ็ค 500 ก. | Freshket: มะเขือเปราะ | Freshket: มะเขือเปราะ คัดสวย",""
"🥬 ผัก/สมุนไพร","ขิงแก่ 1 กก.","1","GO","4","12","300","2026-08-11","GO: ขิงแก่ 1 กก.",""
"🥬 ผัก/สมุนไพร","มันหวานสายพันธุ์ญี่ปุ่น สีเหลือง 1 กก.","1","GO","3","19","297","2026-08-09","GO: มันหวานสายพันธุ์ญี่ปุ่น สีเหลือง 1 กก.",""
"🥬 ผัก/สมุนไพร","ตําลึง คัดสวย","2","Freshket","6","15","295","2026-09-14","Freshket: ตําลึง คัดสวย | Freshket: ตําลึง",""
"🥬 ผัก/สมุนไพร","ฟักทองไทย 3.0-3.5 กก./ลูก","1","Freshket","2","24","290","2026-09-12","Freshket: ฟักทองไทย 3.0-3.5 กก./ลูก",""
"🥬 ผัก/สมุนไพร","มะระจีน 1 กก.","3","GO+Freshket","6","15","285","2026-09-10","GO: มะระจีน 1 กก. | Freshket: มะระจีน คัดสวย | Freshket: มะระจีน",""
"🥬 ผัก/สมุนไพร","คอส (นําเข้า)","1","Freshket","5","16","262","2026-09-01","Freshket: คอส (นําเข้า)",""
"🥬 ผัก/สมุนไพร","ฟักทอง 3.5-4.5 กก./ลูก","1","GO","3","24","260","2026-07-11","GO: ฟักทอง 3.5-4.5 กก./ลูก",""
"🥬 ผัก/สมุนไพร","มันเทศเนือเหลืองไทย","1","Freshket","2","3","260","2026-09-09","Freshket: มันเทศเนือเหลืองไทย",""
"🥬 ผัก/สมุนไพร","ยอดคะน้าฮ่องกง","2","Freshket+GO","4","21","260","2026-09-14","Freshket: ยอดคะน้าฮ่องกง | GO: ยอดคะน้าฮ่องกง แพ็ค 500 ก.",""
"🥬 ผัก/สมุนไพร","พริกชี้ฟ้าแดง แพ็ค 300 ก.","3","GO+Freshket","8","14","250","2026-09-05","GO: พริกชี้ฟ้าแดง แพ็ค 300 ก. | Freshket: พริกชีฟ้าแดง | GO: พริกชี้ฟ้าแดง แพ็ค 100 ก.",""
"🥬 ผัก/สมุนไพร","ผักชีไทยพร้อมราก","1","Freshket","3","29","248","2026-09-16","Freshket: ผักชีไทยพร้อมราก",""
"🥬 ผัก/สมุนไพร","พริกยักษ์แดง เบอร์รอง","2","Freshket","3","11","248","2026-09-15","Freshket: พริกยักษ์แดง เบอร์รอง | Freshket: พริกยักษ์แดง",""
"🥬 ผัก/สมุนไพร","ถั่วงอกหัวโต 500 ก.","4","GO+Freshket","7","15","247","2026-09-05","GO: ถั่วงอกหัวโต 500 ก. | GO: ถั่วงอก แพ็ค 1 กก. | Freshket: ถัวงอก ตราไผ่คู่ | Freshket: ถัวงอกเรียวยาว",""
"🥬 ผัก/สมุนไพร","ต้นหอมไทย คัดสวย","2","Freshket","6","5","241","2026-09-15","Freshket: ต้นหอมไทย คัดสวย | Freshket: ต้นหอมไทย",""
"🥬 ผัก/สมุนไพร","ซูกินีไทย","1","Freshket","4","9","225","2026-09-10","Freshket: ซูกินีไทย",""
"🥬 ผัก/สมุนไพร","ผักกวางตุ้งไต้หวัน (ไทย)","1","Freshket","5","15","205","2026-09-10","Freshket: ผักกวางตุ้งไต้หวัน (ไทย)",""
"🥬 ผัก/สมุนไพร","เอ ชอยซ์ กระเทียมโทนดอง 850 ก.","1","GO","1","","189","2026-06-27","GO: เอ ชอยซ์ กระเทียมโทนดอง 850 ก.",""
"🥬 ผัก/สมุนไพร","พริกยักษ์เขียว เบอร์รอง","1","Freshket","2","8","180","2026-09-15","Freshket: พริกยักษ์เขียว เบอร์รอง",""
"🥬 ผัก/สมุนไพร","พริกจินดาแดง","1","Freshket","4","23","175","2026-09-12","Freshket: พริกจินดาแดง",""
"🥬 ผัก/สมุนไพร","เอ ชอยซ์ พริกป่น 800 ก.","1","GO","1","","165","2026-08-11","GO: เอ ชอยซ์ พริกป่น 800 ก.",""
"🥬 ผัก/สมุนไพร","บะหมีผักโมโรเฮยะ","1","Freshket","1","","161","2026-07-06","Freshket: บะหมีผักโมโรเฮยะ",""
"🥬 ผัก/สมุนไพร","ข่าแก่ 1 กก.","3","GO+Freshket","4","25","160","2026-09-07","GO: ข่าแก่ 1 กก. | Freshket: ข่าแก่ | Freshket: ข่าแก่ คัดสวย",""
"🥬 ผัก/สมุนไพร","ถัวลันเตาหวาน","2","Freshket+GO","2","45","159","2026-09-15","Freshket: ถัวลันเตาหวาน | GO: ถั่วลันเตาหวานนอก แพ็ค 300 ก.",""
"🥬 ผัก/สมุนไพร","บร็อคโคลี","1","Freshket","1","","150","2026-09-16","Freshket: บร็อคโคลี",""
"🥬 ผัก/สมุนไพร","ผักโขมจีน แพ็ค 300 ก.","2","GO+Freshket","3","12","144","2026-08-04","GO: ผักโขมจีน แพ็ค 300 ก. | Freshket: ผักโขมจีน",""
"🥬 ผัก/สมุนไพร","โครงการหลวง ผักสลัดแก้ว แพ็ค 300 ก.","1","GO","2","2","140","2026-07-09","GO: โครงการหลวง ผักสลัดแก้ว แพ็ค 300 ก.",""
"🥬 ผัก/สมุนไพร","ดอกกะหล่านอก","1","Freshket","1","","140","2026-09-05","Freshket: ดอกกะหล่านอก",""
"🥬 ผัก/สมุนไพร","ทาลลีย์ ถั่วลันเตาแช่แข็ง 1 กก.","1","GO","1","","139","2026-05-26","GO: ทาลลีย์ ถั่วลันเตาแช่แข็ง 1 กก.",""
"🥬 ผัก/สมุนไพร","สลัดแก้วนอก 1 กก.","1","GO","2","11","138","2026-08-10","GO: สลัดแก้วนอก 1 กก.",""
"🥬 ผัก/สมุนไพร","ตะไคร้ แพ็ค 500 ก.","1","GO","5","16","135","2026-08-04","GO: ตะไคร้ แพ็ค 500 ก.",""
"🥬 ผัก/สมุนไพร","พริกชีฟ้าแห้ง (เด็ดก้าน)","3","Freshket+GO","3","39","133","2026-09-09","Freshket: พริกชีฟ้าแห้ง (เด็ดก้าน) | GO: พริกชี้ฟ้า แห้ง เด็ดก้าน 100 ก. | GO: พริกชี้ฟ้า แห้ง 100 ก.",""
"🥬 ผัก/สมุนไพร","มันเทศสีม่วง","1","Freshket","1","","130","2026-08-18","Freshket: มันเทศสีม่วง",""
"🥬 ผัก/สมุนไพร","พริกจินดา แห้ง เด็ดก้าน 100 ก.","2","GO","3","14","128","2026-08-02","GO: พริกจินดา แห้ง เด็ดก้าน 100 ก. | GO: พริกจินดา แห้ง 100 ก.",""
"🥬 ผัก/สมุนไพร","ผักชีลาว แพ็ค 150 ก.","1","GO","5","18","125","2026-08-09","GO: ผักชีลาว แพ็ค 150 ก.",""
"🥬 ผัก/สมุนไพร","ผักกวางตุ้งไต้หวัน แพ็ค 300 ก.","1","GO","3","23","125","2026-07-23","GO: ผักกวางตุ้งไต้หวัน แพ็ค 300 ก.",""
"🥬 ผัก/สมุนไพร","กะหล่าปลี","1","Freshket","3","18","124","2026-09-15","Freshket: กะหล่าปลี",""
"🥬 ผัก/สมุนไพร","พริกเกาหลีแบบ่ปนหยาบสําหรับทํากิมจิ ตราชองจองวอน","1","Freshket","1","","116","2026-08-12","Freshket: พริกเกาหลีแบบ่ปนหยาบสําหรับทํากิมจิ ตราชองจองวอน",""
"🥬 ผัก/สมุนไพร","โครงการหลวง พริกยักษ์สีแดง แพ็ค 150 ก.","1","GO","2","21","112","2026-08-06","GO: โครงการหลวง พริกยักษ์สีแดง แพ็ค 150 ก.",""
"🥬 ผัก/สมุนไพร","ใบกะเพรา แพ็ค 150 ก.","1","GO","5","4","106","2026-08-04","GO: ใบกะเพรา แพ็ค 150 ก.",""
"🥬 ผัก/สมุนไพร","ผักแพว แพ็ค 200 ก.","1","GO","2","14","105","2026-07-19","GO: ผักแพว แพ็ค 200 ก.",""
"🥬 ผัก/สมุนไพร","มันหวานสายพันธุ์ญี่ปุ่นสีม่วง 1 กก.","1","GO","1","","99","2026-07-11","GO: มันหวานสายพันธุ์ญี่ปุ่นสีม่วง 1 กก.",""
"🥬 ผัก/สมุนไพร","ชะอม แพ็ค 300 ก.","1","GO","1","","98","2026-06-27","GO: ชะอม แพ็ค 300 ก.",""
"🥬 ผัก/สมุนไพร","ผักสลัดแก้ว ออร์แกนิค แพ็ค 200 ก.","1","GO","1","","90","2026-08-04","GO: ผักสลัดแก้ว ออร์แกนิค แพ็ค 200 ก.",""
"🥬 ผัก/สมุนไพร","ผักโขมแบบบอล (แช่แข็ง)","1","Freshket","1","","89","2026-09-15","Freshket: ผักโขมแบบบอล (แช่แข็ง)",""
"🥬 ผัก/สมุนไพร","ผักบุ้งจีน คัดสวย","3","Freshket+GO","5","17","89","2026-09-07","Freshket: ผักบุ้งจีน คัดสวย | GO: ผักบุ้งจีน แพ็ค 500 ก. | Freshket: ผักบุ้งจีน",""
"🥬 ผัก/สมุนไพร","ต้นหอมญี่ปุ่น 1 กก.","1","GO","1","","85","2026-08-05","GO: ต้นหอมญี่ปุ่น 1 กก.",""
"🥬 ผัก/สมุนไพร","ถัวลันเตาแบน","1","Freshket","1","","84","2026-09-05","Freshket: ถัวลันเตาแบน",""
"🥬 ผัก/สมุนไพร","พริกชีฟ้าเขียว","3","Freshket+GO","3","40","81","2026-09-16","Freshket: พริกชีฟ้าเขียว | GO: พริกชี้ฟ้าเขียว แพ็ค 300 ก. | Freshket: พริกชีฟ้าเขียว คัดสวย",""
"🥬 ผัก/สมุนไพร","ผักชีจีน","1","Freshket","1","","80","2026-07-06","Freshket: ผักชีจีน",""
"🥬 ผัก/สมุนไพร","แตงกวา แพ็ค 500 ก.","1","GO","3","9","79","2026-08-06","GO: แตงกวา แพ็ค 500 ก.",""
"🥬 ผัก/สมุนไพร","พริกชีฟ้าเหลือง (เด็ดก้าน)","1","Freshket","1","","76","2026-08-19","Freshket: พริกชีฟ้าเหลือง (เด็ดก้าน)",""
"🥬 ผัก/สมุนไพร","ผักกาดแก้ว คัดสวย (นําเข้า)","1","Freshket","1","","76","2026-09-15","Freshket: ผักกาดแก้ว คัดสวย (นําเข้า)",""
"🥬 ผัก/สมุนไพร","ตำลึง แพ็ค 150 ก.","1","GO","3","8","75","2026-07-29","GO: ตำลึง แพ็ค 150 ก.",""
"🥬 ผัก/สมุนไพร","ผักโขมไทย คัดสวย","1","Freshket","2","21","72","2026-09-09","Freshket: ผักโขมไทย คัดสวย",""
"🥬 ผัก/สมุนไพร","คะน้า แพ็ค 300 ก.","2","GO+Freshket","2","14","68","2026-08-01","GO: คะน้า แพ็ค 300 ก. | Freshket: ยอดคะน้า คัดสวย",""
"🥬 ผัก/สมุนไพร","เซเลอรี่นอก 1 กก.","1","GO","1","","65","2026-06-29","GO: เซเลอรี่นอก 1 กก.",""
"🥬 ผัก/สมุนไพร","ยอดมะพร้าวอ่อน","1","Freshket","1","","65","2026-08-10","Freshket: ยอดมะพร้าวอ่อน",""
"🥬 ผัก/สมุนไพร","มะเขือยาว 1 กก.","1","GO","1","","59","2026-07-29","GO: มะเขือยาว 1 กก.",""
"🥬 ผัก/สมุนไพร","เอ ชอยซ์ ถั่วลันเตาแช่แข็ง 1 กก.","1","GO","1","","59","2026-08-09","GO: เอ ชอยซ์ ถั่วลันเตาแช่แข็ง 1 กก.",""
"🥬 ผัก/สมุนไพร","น้ำใจ พริกแกง พะแนง 500 ก.","1","GO","1","","58","2026-05-30","GO: น้ำใจ พริกแกง พะแนง 500 ก.",""
"🥬 ผัก/สมุนไพร","พริกแกงคัวกลิง","1","Freshket","1","","52","2026-09-05","Freshket: พริกแกงคัวกลิง",""
"🥬 ผัก/สมุนไพร","ฟักทองญี่ปุน คัดขนาด 700-800 กรัม/ลูก","1","Freshket","1","","52","2026-08-20","Freshket: ฟักทองญี่ปุน คัดขนาด 700-800 กรัม/ลูก",""
"🥬 ผัก/สมุนไพร","กะเพราบ้าน","1","Freshket","6","15","50","2026-09-16","Freshket: กะเพราบ้าน",""
"🥬 ผัก/สมุนไพร","มันหวาน ซิลค์สวีท แพ็ค 500 ก.","1","GO","1","","45","2026-07-23","GO: มันหวาน ซิลค์สวีท แพ็ค 500 ก.",""
"🥬 ผัก/สมุนไพร","ผักกวางตุ้ง แพ็ค 300 ก.","1","GO","2","12","44","2026-06-07","GO: ผักกวางตุ้ง แพ็ค 300 ก.",""
"🥬 ผัก/สมุนไพร","ตะไคร้พันธุ์เกษตร (สีขาว)","1","Freshket","3","33","42","2026-09-07","Freshket: ตะไคร้พันธุ์เกษตร (สีขาว)",""
"🥬 ผัก/สมุนไพร","หอมแขก","1","Freshket","1","","40","2026-07-01","Freshket: หอมแขก",""
"🥬 ผัก/สมุนไพร","ใบมะกรูดเด็ดก้าน แพ็ค 50 ก.","2","GO+Freshket","4","29","40","2026-09-02","GO: ใบมะกรูดเด็ดก้าน แพ็ค 50 ก. | Freshket: ใบมะกรูด คัดสวย",""
"🥬 ผัก/สมุนไพร","หอมแขกจีน แพ็ค 1 กก.","1","GO","1","","39","2026-07-25","GO: หอมแขกจีน แพ็ค 1 กก.",""
"🥬 ผัก/สมุนไพร","สะระแหน่ คัดสวย","2","Freshket","2","7","39","2026-09-13","Freshket: สะระแหน่ คัดสวย | Freshket: สะระแหน่",""
"🥬 ผัก/สมุนไพร","บีทรูท","1","Freshket","1","","34","2026-08-20","Freshket: บีทรูท",""
"🥬 ผัก/สมุนไพร","พริกเหลือง แพ็ค 100 ก.","1","GO","1","","29","2026-07-27","GO: พริกเหลือง แพ็ค 100 ก.",""
"🥬 ผัก/สมุนไพร","ผักชีใบเลือย","1","Freshket","2","9","28","2026-09-14","Freshket: ผักชีใบเลือย",""
"🥬 ผัก/สมุนไพร","กระชายฝอย แพ็ค 200 ก.","1","GO","1","","25","2026-07-19","GO: กระชายฝอย แพ็ค 200 ก.",""
"🥬 ผัก/สมุนไพร","กุยช่าย","1","Freshket","1","","23","2026-09-05","Freshket: กุยช่าย",""
"🥬 ผัก/สมุนไพร","ใบโหระพาและใบกะเพรา แพ็ค 150 ก.","1","GO","1","","22","2026-08-03","GO: ใบโหระพาและใบกะเพรา แพ็ค 150 ก.",""
"🥬 ผัก/สมุนไพร","ปวยเล้งนอก 200 ก.","1","GO","1","","20","2026-07-22","GO: ปวยเล้งนอก 200 ก.",""
"🥬 ผัก/สมุนไพร","แตงกวาไทย","1","Freshket","1","","19","2026-07-04","Freshket: แตงกวาไทย",""
"🥬 ผัก/สมุนไพร","คะน้าขนาดกลาง","1","Freshket","1","","15","2026-07-01","Freshket: คะน้าขนาดกลาง",""
"🧂 เครื่องปรุง","คิวพี มายองเนส สูตรไม่มีน้ำตาล 1 กก.","1","GO","6","13","2480","2026-08-06","GO: คิวพี มายองเนส สูตรไม่มีน้ำตาล 1 กก.",""
"🧂 เครื่องปรุง","เด็กสมบูรณ์ ซีอิ๊วขาว สูตร 1 4,500 มล.","1","GO","3","14","677","2026-07-23","GO: เด็กสมบูรณ์ ซีอิ๊วขาว สูตร 1 4,500 มล.",""
"🧂 เครื่องปรุง","เอ ชอยซ์ ซอส โชยุ 1 ล.","1","GO","3","18","390","2026-08-11","GO: เอ ชอยซ์ ซอส โชยุ 1 ล.",""
"🧂 เครื่องปรุง","เอ ชอยซ์ ซอสหอยนางรม 5,000 ก.","2","GO","4","15","379","2026-07-23","GO: เอ ชอยซ์ ซอสหอยนางรม 5,000 ก. | GO: เอ ชอยซ์ ซอสหอยนางรม 1,000 ก.",""
"🧂 เครื่องปรุง","ทาบาสโก ซอส เรดเปปเปอร์ 150 มล.","1","GO","2","10","345","2026-08-11","GO: ทาบาสโก ซอส เรดเปปเปอร์ 150 มล.",""
"🧂 เครื่องปรุง","เครืองแกงกะหรีสูตรเผ็ดกลาง ตราเอสแอนด์บี","1","Freshket","1","","333","2026-08-17","Freshket: เครืองแกงกะหรีสูตรเผ็ดกลาง ตราเอสแอนด์บี",""
"🧂 เครื่องปรุง","โปรเซฟ ผงซักฟอก 3,000 ก.","1","GO","2","6","327","2026-06-09","GO: โปรเซฟ ผงซักฟอก 3,000 ก.",""
"🧂 เครื่องปรุง","ตรามือที่ 1 พริกไทยดำ ป่น 500 ก.","1","GO","1","","299","2026-05-30","GO: ตรามือที่ 1 พริกไทยดำ ป่น 500 ก.",""
"🧂 เครื่องปรุง","เอ ชอยซ์ ซอสมะเขือเทศ 5,000 ก.","1","GO","2","48","295","2026-07-19","GO: เอ ชอยซ์ ซอสมะเขือเทศ 5,000 ก.",""
"🧂 เครื่องปรุง","เครื่องต้มยำ แพ็ค 300 ก.","1","GO","4","5","295","2026-07-25","GO: เครื่องต้มยำ แพ็ค 300 ก.",""
"🧂 เครื่องปรุง","กะทิขวด ตราเรียลไทย 6 x","1","Freshket","2","19","290","2026-09-07","Freshket: กะทิขวด ตราเรียลไทย 6 x",""
"🧂 เครื่องปรุง","แสงทอง น้ำตาลเหลว 1,000 ก.","1","GO","2","21","208","2026-07-26","GO: แสงทอง น้ำตาลเหลว 1,000 ก.",""
"🧂 เครื่องปรุง","ตรามือที่ 1 พาร์สลีย์ 50 ก.","2","GO","3","24","167","2026-08-04","GO: ตรามือที่ 1 พาร์สลีย์ 50 ก. | GO: พาร์สลีย์ แพ็ค 200 ก.",""
"🧂 เครื่องปรุง","อัมพวา กะทิแท้ 100% 250 มล. x 6","1","GO","1","","152","2026-08-01","GO: อัมพวา กะทิแท้ 100% 250 มล. x 6",""
"🧂 เครื่องปรุง","ง่วนเชียง ซีอิ๊วดำฉลากส้ม 2,700 ก.","1","GO","1","","150","2026-07-18","GO: ง่วนเชียง ซีอิ๊วดำฉลากส้ม 2,700 ก.",""
"🧂 เครื่องปรุง","เอ ชอยซ์ น้ำส้มสายชูกลั่น 5% 4,500 มล.","1","GO","2","21","135","2026-07-02","GO: เอ ชอยซ์ น้ำส้มสายชูกลั่น 5% 4,500 มล.",""
"🧂 เครื่องปรุง","แสงทอง น้ำตาลมะพร้าวก้นหอย 1,000 ก.","1","GO","1","","130","2026-06-07","GO: แสงทอง น้ำตาลมะพร้าวก้นหอย 1,000 ก.",""
"🧂 เครื่องปรุง","เอลเอวิออน โรสแมรี่ 200 ก.","1","GO","1","","119","2026-08-11","GO: เอลเอวิออน โรสแมรี่ 200 ก.",""
"🧂 เครื่องปรุง","ฉั่วฮะเส็ง น้ำพริกเผา สูตร 1 900 ก.","1","GO","1","","118","2026-07-11","GO: ฉั่วฮะเส็ง น้ำพริกเผา สูตร 1 900 ก.",""
"🧂 เครื่องปรุง","พริกไทยอ่อน แพ็ค 150 ก.","2","GO+Freshket","2","13","113","2026-08-19","GO: พริกไทยอ่อน แพ็ค 150 ก. | Freshket: พริกไทยอ่อน คัดสวย (เป็นพวงเต็มก้าน)",""
"🧂 เครื่องปรุง","ปรุงทิพย์ เกลือ 5 กก.","1","GO","2","35","110","2026-08-02","GO: ปรุงทิพย์ เกลือ 5 กก.",""
"🧂 เครื่องปรุง","น้าพริกเผา สูตร1 ตราฉัวฮะเส็ง","1","Freshket","1","","102","2026-08-19","Freshket: น้าพริกเผา สูตร1 ตราฉัวฮะเส็ง",""
"🧂 เครื่องปรุง","น้าพริกแกงเขียวหวานเผ็ดกลางแบบละเอียด ตราร้านเจ้๊ปุ","1","Freshket","1","","100","2026-07-01","Freshket: น้าพริกแกงเขียวหวานเผ็ดกลางแบบละเอียด ตราร้านเจ้๊ปุ",""
"🧂 เครื่องปรุง","น้าตาลปีบ","1","Freshket","1","","98","2026-09-02","Freshket: น้าตาลปีบ",""
"🧂 เครื่องปรุง","เอสแอนด์บี แกงกะหรี่ก้อนเผ็ด 200 ก.","1","GO","1","","95","2026-08-04","GO: เอสแอนด์บี แกงกะหรี่ก้อนเผ็ด 200 ก.",""
"🧂 เครื่องปรุง","น้าพริกแกงส้มแบบละเอียด ตราร้านเจ้๊ปุ","1","Freshket","1","","94","2026-08-10","Freshket: น้าพริกแกงส้มแบบละเอียด ตราร้านเจ้๊ปุ",""
"🧂 เครื่องปรุง","สุบากิ วูสเตอร์ซอส 1 ล.","1","GO","1","","92","2026-05-31","GO: สุบากิ วูสเตอร์ซอส 1 ล.",""
"🧂 เครื่องปรุง","ปาปริก้า่ปน ตรามือที1","1","Freshket","1","","90","2026-09-13","Freshket: ปาปริก้า่ปน ตรามือที1",""
"🧂 เครื่องปรุง","ดีไลท์ พลัส อีริทริทอลผสมหล่อฮังก้วย ตราลิน","1","Freshket","1","","83","2026-08-12","Freshket: ดีไลท์ พลัส อีริทริทอลผสมหล่อฮังก้วย ตราลิน",""
"🧂 เครื่องปรุง","อัมพวา กะทิแท้ 100% Prisma 1 ล.","1","GO","1","","79","2026-08-11","GO: อัมพวา กะทิแท้ 100% Prisma 1 ล.",""
"🧂 เครื่องปรุง","กะทิขวด ตราอัมพวา","1","Freshket","1","","79","2026-09-16","Freshket: กะทิขวด ตราอัมพวา",""
"🧂 เครื่องปรุง","ตรามือที่ 1 โรสแมรี่ 100 ก.","1","GO","1","","70","2026-08-06","GO: ตรามือที่ 1 โรสแมรี่ 100 ก.",""
"🧂 เครื่องปรุง","ขมิ้น ผง 200 ก.","1","GO","1","","68","2026-07-04","GO: ขมิ้น ผง 200 ก.",""
"🧂 เครื่องปรุง","เกลือบริโภคเสริมไอโอดีน ตราปรุงทิพย์/เกลือปรุงทิพย์","1","Freshket","1","","61","2026-09-15","Freshket: เกลือบริโภคเสริมไอโอดีน ตราปรุงทิพย์/เกลือปรุงทิพย์",""
"🧂 เครื่องปรุง","เอ ชอยซ์ ซอสพริก 1,000 ก.","1","GO","1","","54","2026-06-27","GO: เอ ชอยซ์ ซอสพริก 1,000 ก.",""